id,isbn,title,author,series,seriesposition,subgenre,spice,tropes_0,tropes_1,tropes_2,tropes_3,tropes_4,cover,rating,created_at,created_by,initial_rating
00e7ffa7-b60e-4269-b97c-0da4af03440f,9781739433055,Restitution,Leigh Rivers,The Edge of Darkness Trilogy,3,Dark Romance,0,,,,,,https://covers.openlibrary.org/b/isbn/9781739433055-L.jpg,3.5,2026-07-26 10:06:30.433998+00,,3.5
02baeab4-e7e6-43e8-85c6-cbb9fdf1292b,9781965322956,Wild Side,Elsie Silver,Rose Hill,3,Romance,0,,,,,,https://nsgftakyygmenbarrnwf.supabase.co/storage/v1/object/public/book-covers/wild-side.jpg,0,2026-07-26 10:06:30.433998+00,,0
03126535-5431-4f1d-9b23-018d6248e96b,9781737508373,Hooked,Emily McIntire,Never After,1,Dark Romance,0,,,,,,https://nsgftakyygmenbarrnwf.supabase.co/storage/v1/object/public/book-covers/hooked.jpg,0,2026-07-26 10:06:30.433998+00,,0
0326859c-7170-4c59-85c3-352715af4864,9781496757463,Distance,Luna Mason,Beneath the Mask,1,Dark Romance,0,,,,,,https://nsgftakyygmenbarrnwf.supabase.co/storage/v1/object/public/book-covers/distance.jpg,0,2026-07-26 10:06:30.433998+00,,0
066123e2-79c1-4fbb-8485-72572f827b7b,9781668216804,Fairydale,Veronica Lancet,,,Romantasy,0,,,,,,https://nsgftakyygmenbarrnwf.supabase.co/storage/v1/object/public/book-covers/fairydale.jpg,0,2026-07-26 10:06:30.433998+00,,0
069a3e97-7f1c-437a-a038-fb40e81c154e,9781638932499,Does it Hurt?,H.D. Carlton,,,Dark Romance,0,,,,,,https://covers.openlibrary.org/b/isbn/9781638932499-L.jpg,0,2026-07-26 10:06:30.433998+00,,0
071f39cb-e6dd-4ead-97ce-d47480d5d610,9780593599853,A Fate Inked in Bone,Danielle L. Jensen,,1,Romantasy,0,,,,,,https://nsgftakyygmenbarrnwf.supabase.co/storage/v1/object/public/book-covers/a-fate-inked-in-bone.jpg,0,2026-07-26 10:06:30.433998+00,,0
07304c3f-c3e9-45fe-aa8e-25c0a34afa41,9789198904468,War of Fire and Fury,Marion Blackwood,Flame and Thorns,5,Romantasy,0,,,,,,https://nsgftakyygmenbarrnwf.supabase.co/storage/v1/object/public/book-covers/war-of-fire-and-fury.jpg,3,2026-07-26 10:06:30.433998+00,,3
07884a5c-95d0-4949-8707-68671e68d9e2,9780349440873,The Goal,Elle Kennedy,,4,Romance,0,,,,,,https://nsgftakyygmenbarrnwf.supabase.co/storage/v1/object/public/book-covers/the-goal.jpg,3,2026-07-26 10:06:30.433998+00,,3
07e5b6c3-1d72-4cb6-a044-18795c12c191,9781635575569,A Court of Thorns and Roses,Sarah J. Maas,ACOTAR,1,Romantasy,4,Fae,Enemies to Lovers,Slow Burn,Beauty and the Beast,Forbidden Love,https://nsgftakyygmenbarrnwf.supabase.co/storage/v1/object/public/book-covers/a-court-of-thorns-and-roses-1785587941780.jpg,3.5,2026-07-26 10:06:30.433998+00,,3.5
084d18a6-84de-40f6-ae57-42185f47eaef,9781101946343,Grey,E.L. James,Fifty Shades,4,Dark Romance,0,,,,,,https://nsgftakyygmenbarrnwf.supabase.co/storage/v1/object/public/book-covers/grey-1785588509107.jpg,0,2026-07-26 10:06:30.433998+00,,0
09aaa563-f08b-4b07-a533-5813ff583968,9781638932444,Fall With Me,Becka Mack,Playing For Keeps,4,Romance,0,,,,,,https://nsgftakyygmenbarrnwf.supabase.co/storage/v1/object/public/book-covers/fall-with-me.jpg,0,2026-07-26 10:06:30.433998+00,,0
0c2e4886-315c-4316-88cf-dfb1da40ec4c,9780063045705,"Hook, Line, and Sinker",Tessa Bailey,Bellinger Series,,Romance,4,Friends to Lovers,Pining,Small Town,He Falls First,,https://nsgftakyygmenbarrnwf.supabase.co/storage/v1/object/public/book-covers/hook-line-and-sinker.jpg,3,2026-07-26 10:06:30.433998+00,,3
0ca6d660-1ddb-4d5b-afb7-c9420d8cbb84,9781911746010,Delicate Escape,Catherine Cowles,Sparrow Falls,2,Romance,0,,,,,,https://nsgftakyygmenbarrnwf.supabase.co/storage/v1/object/public/book-covers/delicate-escape.jpg,2.5,2026-07-26 10:06:30.433998+00,,2.5
0db4a796-b3e0-4e4b-b7a7-dfda4ebd2812,9781335474728,Blood of Hercules,Jasmine Mas,Villians of Lore,1,Romantasy,0,,,,,,https://nsgftakyygmenbarrnwf.supabase.co/storage/v1/object/public/book-covers/blood-of-hercules.jpg,0,2026-07-26 10:06:30.433998+00,,0
0dc23ace-0349-4f77-a5f1-0f5939bdaf01,9780593955024,The Ever King,L.J. Andrews,Ever Seas Series,1,Romantasy,4,Fated Mates,Pirates,Enemies to Lovers,Sea Fae,,https://nsgftakyygmenbarrnwf.supabase.co/storage/v1/object/public/book-covers/the-ever-king.jpg,0,2026-07-26 10:06:30.433998+00,,0
0e65d6bd-7f54-4fa2-8351-31fc514bfa61,9781948463751,House of Pounding Hearts,Olivia Wildenstein,The Kingdom of Crows,2,Romantasy,0,,,,,,https://nsgftakyygmenbarrnwf.supabase.co/storage/v1/object/public/book-covers/house-of-pounding-hearts.jpg,0,2026-07-26 10:06:30.433998+00,,0
0efc3dea-e8af-4ff6-90e3-42c5c91eda44,9780349446004,Beneath the Surface,Emily McIntire,,4,Romance,0,,,,,,https://nsgftakyygmenbarrnwf.supabase.co/storage/v1/object/public/book-covers/beneath-the-surface.jpg,0,2026-07-26 10:06:30.433998+00,,0
0fa4bba7-f277-4f75-87c4-90ed8704d647,9781970127034,Where I Belong,J. Daniels,,1,Romance,0,,,,,,https://nsgftakyygmenbarrnwf.supabase.co/storage/v1/object/public/book-covers/where-i-belong.jpg,2.5,2026-07-26 10:06:30.433998+00,,2.5
113aade0-36cd-4a0f-9fb2-f04eb7324811,9781250811233,The Works of Vermin,Hiron Ennes,,,Romance,0,,,,,,https://nsgftakyygmenbarrnwf.supabase.co/storage/v1/object/public/book-covers/the-works-of-vermin.jpg,5,2026-07-26 10:06:30.433998+00,,5
166b9087-dbcb-44ca-a509-895f8ad19ae6,9780593641965,Birthday Girl,Penelope Douglas,,,Romantasy,0,,,,,,https://nsgftakyygmenbarrnwf.supabase.co/storage/v1/object/public/book-covers/birthday-girl.jpg,3,2026-07-26 10:06:30.433998+00,,3
16a9badd-9d80-4175-827d-617450f7a48e,9781250400703,Shutout,Avery Keelan,,2,Romance,0,,,,,,https://nsgftakyygmenbarrnwf.supabase.co/storage/v1/object/public/book-covers/shutout.jpg,3.5,2026-07-26 10:06:30.433998+00,,3.5
1933cd7c-0e44-4abb-84ce-5b94eff9378c,9781970127232,All I Want,J. Daniels,,2,Romance,0,,,,,,https://nsgftakyygmenbarrnwf.supabase.co/storage/v1/object/public/book-covers/all-i-want.jpg,2.5,2026-07-26 10:06:30.433998+00,,2.5
19e35a63-9b5e-4896-950d-52cfa945c737,9781952457463,From Blood and Ash,Jennifer L. Armentrout,Blood and Ash,1,Romantasy,4,Forbidden Love,Guardian/Ward,Chosen One,Slow Burn,,https://covers.openlibrary.org/b/isbn/9781952457463-L.jpg,0,2026-07-26 10:06:30.433998+00,,0
1ce3446e-4415-40ec-a1c2-2df325eebcb8,9781728289724,King of Wrath,Ana Huang,Kings of Sin,1,Dark Romance,4,Marriage of Convenience,Enemies to Lovers,Billionaire,Slow Burn,,https://nsgftakyygmenbarrnwf.supabase.co/storage/v1/object/public/book-covers/king-of-wrath-1785587981167.jpg,0,2026-07-26 10:06:30.433998+00,,0
1d143ec3-642b-49c6-bbc8-f9585d73ba8f,9781952836237,Broken Breath,Blake Black,,1,Romance,0,,,,,,https://nsgftakyygmenbarrnwf.supabase.co/storage/v1/object/public/book-covers/broken-breath.jpg,2.5,2026-07-26 10:06:30.433998+00,,2.5
1d1a77d1-5df9-4528-bb6a-f07253a4b961,9781464265570,Bulletproof,K.M. Moronova,Dark Forces,4,Romance,0,,,,,,https://nsgftakyygmenbarrnwf.supabase.co/storage/v1/object/public/book-covers/bulletproof-1785589091719.jpg,3,2026-07-26 10:06:30.433998+00,,3
1ee3d021-9de5-4714-b4a2-bab5f6a4735c,9781728258461,A Touch of Ruin,Scarlett St. Clair,Hades x Persephone Sage,2,Romantasy,0,,,,,,https://nsgftakyygmenbarrnwf.supabase.co/storage/v1/object/public/book-covers/a-touch-of-ruin-1785588840296.jpg,0,2026-07-26 10:06:30.433998+00,,0
1ef9fb33-4260-4403-9ad1-78352513b258,9781035013487,Flock,Kate Stewart,The Ravenhood Series,1,Romance,0,,,,,,https://nsgftakyygmenbarrnwf.supabase.co/storage/v1/object/public/book-covers/flock.jpg,3.5,2026-07-26 10:06:30.433998+00,,3.5
20b06b52-16b0-48ce-b344-5798849bce8a,9798347004294,The Wrong Play,C.R. Jane,,2,Romance,0,,,,,,https://nsgftakyygmenbarrnwf.supabase.co/storage/v1/object/public/book-covers/the-wrong-play.jpg,3,2026-07-26 10:06:30.433998+00,,3
21cbdeb7-6cf4-43ec-86dd-d42896b640a6,9781662525148,A Tribute of Fire,Sariah Wilson,The Eye of the Goddess,1,Romantasy,0,,,,,,https://nsgftakyygmenbarrnwf.supabase.co/storage/v1/object/public/book-covers/a-tribute-of-fire.jpg,0,2026-07-26 10:06:30.433998+00,,0
22316140-eff9-44a0-8214-558dfeb83660,9781464248290,Cash,Jessica Peterson,Lucky River Ranch,1,Romance,0,,,,,,https://nsgftakyygmenbarrnwf.supabase.co/storage/v1/object/public/book-covers/cash.jpg,2.5,2026-07-26 10:06:30.433998+00,,2.5
2277661e-f79f-4266-844c-e884ec56a0a5,9781916926295,Zodiac Academy: Ruthless Fae,Peckham; Valenti,,2,Romantasy,0,,,,,,https://nsgftakyygmenbarrnwf.supabase.co/storage/v1/object/public/book-covers/zodiac-academy-ruthless-fae.jpg,0,2026-07-26 10:06:30.433998+00,,0
22f8ae22-5c8a-4ac0-86de-c0f4ef7eb9c8,9781649376169,Fourth Wing,Rebecca Yarros,The Empyrean,1,Romantasy,4,Dragon Riders,Enemies to Lovers,Magic Academy,Morally Gray MMC,Touch Her and Die,https://nsgftakyygmenbarrnwf.supabase.co/storage/v1/object/public/book-covers/fourth-wing.jpg,0,2026-07-26 10:06:30.433998+00,,0
23653416-5fc1-4add-a074-0e3bbd716ef9,9798888310021,The Devils and the Dutchess,Marissa Farrar,,1,Romance,0,,,,,,https://nsgftakyygmenbarrnwf.supabase.co/storage/v1/object/public/book-covers/the-devils-and-the-dutchess.jpg,3,2026-07-26 10:06:30.433998+00,,3
28a43a9d-0bfa-4c99-88ef-28ba3fb078b3,9780593550403,Bride,Ali Hazelwood,Bride,1,Romantasy,0,,,,,,https://nsgftakyygmenbarrnwf.supabase.co/storage/v1/object/public/book-covers/bride-1785588479405.jpg,0,2026-07-26 10:06:30.433998+00,,0
28e04c95-5eef-43ae-b2ce-4a99966f7368,9781529199796,Fifty Shades Darker,E.L. James,Fifty Shades of Grey,2,Romance,0,,,,,,https://nsgftakyygmenbarrnwf.supabase.co/storage/v1/object/public/book-covers/fifty-shades-darker-1785588497267.jpg,0,2026-07-26 10:06:30.433998+00,,0
2a59e321-9736-4f8d-ab90-576bf228d290,9780593952580,Mate,Ali Hazelwood,Bride,2,Romantasy,0,,,,,,https://nsgftakyygmenbarrnwf.supabase.co/storage/v1/object/public/book-covers/mate-1785587991904.jpg,0,2026-07-26 10:06:30.433998+00,,0
2ae4d7f6-0b6c-456f-b56c-75eb2c89cec8,9798890033659,I Will Kill Your Imaginary Friend for $200,Robert Brockway,,,Romance,0,,,,,,https://nsgftakyygmenbarrnwf.supabase.co/storage/v1/object/public/book-covers/i-will-kill-your-imaginary-friend-for-200.jpg,5,2026-07-26 10:06:30.433998+00,,5
2b62c856-9565-4171-bae2-0b7afe73602b,9781660089055,Credence,Penelope Douglas,,,Dark Romance,5,Why Choose,Forced Proximity,Forbidden Love,Slow Burn,,https://nsgftakyygmenbarrnwf.supabase.co/storage/v1/object/public/book-covers/credence.jpg,0,2026-07-26 10:06:30.433998+00,,0
2b82b7b3-1837-480f-8455-68e0c39b44c3,9781916926073,Zodiac Academy: Cursed Fates,Peckham; Valenti,,5,Romantasy,0,,,,,,https://nsgftakyygmenbarrnwf.supabase.co/storage/v1/object/public/book-covers/zodiac-academy-cursed-fates.jpg,0,2026-07-26 10:06:30.433998+00,,0
2d25c1cb-3381-4084-82ad-c60b43041911,9780593732458,Lost and Lassoed,Iyla Sage,Rebel Blue Ranch,3,Romance,0,,,,,,https://nsgftakyygmenbarrnwf.supabase.co/storage/v1/object/public/book-covers/lost-and-lassoed.jpg,3.5,2026-07-26 10:06:30.433998+00,,3.5
2d7ede72-4ee9-4578-892e-3a98b4e6ad2f,9780349445977,Beneath the Hood,Emily McIntire,,3,Romance,0,,,,,,https://nsgftakyygmenbarrnwf.supabase.co/storage/v1/object/public/book-covers/beneath-the-hood.jpg,0,2026-07-26 10:06:30.433998+00,,0
2e3bce0f-8d6c-4904-9eae-8b261d5f89b3,9780349439259,Binding 13,Chloe Walsh,Boys of Tommen,1,Romance,0,,,,,,https://nsgftakyygmenbarrnwf.supabase.co/storage/v1/object/public/book-covers/binding-13.jpg,0,2026-07-26 10:06:30.433998+00,,0
2e991adf-cecb-4df8-88ae-0f54bfd4e877,9781662512346,Improbable Meet-Cute Second Chances,multiple authors,,,Romance,0,,,,,,https://nsgftakyygmenbarrnwf.supabase.co/storage/v1/object/public/book-covers/improbable-meet-cute-second-chances.jpg,3,2026-07-26 10:06:30.433998+00,,3
2eca0692-23a9-47f7-9062-4e8f59cf2895,9781035028894,First -Time Caller,B.K. Borison,Heartstrings,1,Romance,3,Single Parent,Slow Burn,Radio,He Falls First,,https://nsgftakyygmenbarrnwf.supabase.co/storage/v1/object/public/book-covers/first-time-caller.jpg,3.5,2026-07-26 10:06:30.433998+00,,3.5
3107f1a4-1642-49ec-b828-93d6ebfc4b1b,9798217187294,Willing Prey,Allie Oleander,,1,Romance,0,,,,,,https://nsgftakyygmenbarrnwf.supabase.co/storage/v1/object/public/book-covers/willing-prey.jpg,4.25,2026-07-26 10:06:30.433998+00,,3.5
37714e6c-7f2f-4f31-a40c-f8e73a0cfa70,9783736323605,The Striker,Ana Huang,Gods of the Game,1,Romance,0,,,,,,https://nsgftakyygmenbarrnwf.supabase.co/storage/v1/object/public/book-covers/the-striker.jpg,0,2026-07-26 10:06:30.433998+00,,0
37e0fd53-e40b-4a31-a165-6914afdd2da3,9781737633815,Glint,Raven Kennedy,The Plated Prisoner,2,Romantasy,0,,,,,,https://nsgftakyygmenbarrnwf.supabase.co/storage/v1/object/public/book-covers/glint.jpg,0,2026-07-26 10:06:30.433998+00,,0
38274ebc-1d0c-47ec-a762-915eefa71f29,9781728297040,Hopeless,Elsie Silver,Chestnut Springs,5,Romance,0,,,,,,https://nsgftakyygmenbarrnwf.supabase.co/storage/v1/object/public/book-covers/hopeless.jpg,0,2026-07-26 10:06:30.433998+00,,0
3931ff48-39e3-4161-8ef4-a1ee7ba3de99,9781649377227,Covet,Tracy Wolff,,3,Romance,0,,,,,,https://nsgftakyygmenbarrnwf.supabase.co/storage/v1/object/public/book-covers/covet.jpg,0,2026-07-26 10:06:30.433998+00,,0
3997c6ad-1698-4aa4-b666-37b02645b354,9781405966306,Her Greatest Mistake,Hannah Cowan,,1,Romance,0,,,,,,https://nsgftakyygmenbarrnwf.supabase.co/storage/v1/object/public/book-covers/her-greatest-mistake.jpg,0,2026-07-26 10:06:30.433998+00,,0
3c032aef-873a-400c-beed-e24eea7f55b8,9781952457470,A Kingdom of Flesh and Fire,Jennifer L. Armentrout,Blood and Ash,2,Romantasy,0,,,,,,https://nsgftakyygmenbarrnwf.supabase.co/storage/v1/object/public/book-covers/a-kingdom-of-flesh-and-fire.webp,0,2026-07-26 10:06:30.433998+00,,0
3c6e161c-7791-4ddb-8de2-de45d69141b8,9789198904277,Empire of Flame and Thorns,Marion Blackwood,,1,Romantasy,0,,,,,,https://nsgftakyygmenbarrnwf.supabase.co/storage/v1/object/public/book-covers/empire-of-flame-and-thorns.jpg,0,2026-07-26 10:06:30.433998+00,,0
3cc38b42-4037-45f3-b51b-bd341ce1b093,9781619630345,Throne of Glass,Sarah J. Maas,Throne of Glass,1,Romantasy,3,Assassin Heroine,Love Triangle,Chosen One,Court Intrigue,,https://nsgftakyygmenbarrnwf.supabase.co/storage/v1/object/public/book-covers/throne-of-glass.jpg,5,2026-07-26 10:06:30.433998+00,,5
3d049474-1e61-4a58-a12b-e10c2a1e9b73,9781399923699,Den of Vipers,K.A. Knight,,,Dark Romance,5,Why Choose,Captive/Captor,Mafia,Touch-Starved,,https://nsgftakyygmenbarrnwf.supabase.co/storage/v1/object/public/book-covers/den-of-vipers.jpg,0,2026-07-26 10:06:30.433998+00,,0
3d1b1412-0350-4622-88c3-d48304fa5636,9798988704935,Carnage,Shantel Tessier,,4,Dark Romance,0,,,,,,https://covers.openlibrary.org/b/isbn/9798988704935-L.jpg,3,2026-07-26 10:06:30.433998+00,,3
3f34a254-05fa-482b-8838-6b5ee8756f0a,9781638932420,Play With Me,Becka Mack,Playing For Keeps,2,Romance,0,,,,,,https://nsgftakyygmenbarrnwf.supabase.co/storage/v1/object/public/book-covers/play-with-me.jpg,0,2026-07-26 10:06:30.433998+00,,0
40808598-bedd-456a-8ba7-a95d88f17703,9789198904345,Court of Lies and Deceit,Marion Blackwood,Flame and Throns,3,Romantasy,0,,,,,,https://nsgftakyygmenbarrnwf.supabase.co/storage/v1/object/public/book-covers/court-of-lies-and-deceit.jpg,0,2026-07-26 10:06:30.433998+00,,0
40d43dfd-9374-4ed1-8792-01023730aa36,9781250213129,Kingfisher's POV,Callie Hart,,0,Romantasy,0,,,,,,https://nsgftakyygmenbarrnwf.supabase.co/storage/v1/object/public/book-covers/kingfisher-s-pov.jpg,4,2026-07-26 10:06:30.433998+00,,4
4108daea-9050-4434-8d07-6b644ba226fb,9781464241765,The Deal,Elle Kennedy,,1,Romance,0,,,,,,https://nsgftakyygmenbarrnwf.supabase.co/storage/v1/object/public/book-covers/the-deal.jpg,3.5,2026-07-26 10:06:30.433998+00,,3.5
41447e3c-daed-43d8-809b-726870569274,9781408872901,Empire of Storms,Sarah J. Maas,Throne of Glass,5,Romantasy,0,,,,,,https://nsgftakyygmenbarrnwf.supabase.co/storage/v1/object/public/book-covers/empire-of-storms.jpg,4.5,2026-07-26 10:06:30.433998+00,,4.5
42109203-aa97-4d66-8112-510fe051756e,9781739789596,The Final Rose,Amy Oliveira,,,Romance,0,,,,,,https://nsgftakyygmenbarrnwf.supabase.co/storage/v1/object/public/book-covers/the-final-rose-1785588583969.jpg,0,2026-07-26 10:06:30.433998+00,,0
42175f6c-2a84-4fce-810b-e94495e7dc28,9780593978641,Wild and Wrangled,Iyla Sage,,4,Romance,0,,,,,,https://nsgftakyygmenbarrnwf.supabase.co/storage/v1/object/public/book-covers/wild-and-wrangled.jpg,0,2026-07-26 10:06:30.433998+00,,0
4254dba6-fd74-442f-8557-a9fa56614c92,9781911746003,Fragile Sanctuary,Catherine Cowles,Sparrow Falls,1,Romance,0,,,,,,https://nsgftakyygmenbarrnwf.supabase.co/storage/v1/object/public/book-covers/fragile-sanctuary.jpg,2.5,2026-07-26 10:06:30.433998+00,,2.5
426a4de7-4368-449b-bcdd-9c1e9193e885,9781035428946,Glow of the Everflame,Penn Cole,The Kindred's Curse,2,Romantasy,0,,,,,,https://nsgftakyygmenbarrnwf.supabase.co/storage/v1/object/public/book-covers/glow-of-the-everflame.jpg,5.00,2026-07-26 10:06:30.433998+00,,5.00
43327b11-89b1-4b59-815a-8c6ffa8679c3,9780063415805,When the Moon Hatched,Sarah A. Parker,Moonfall,1,Romantasy,0,,,,,,https://nsgftakyygmenbarrnwf.supabase.co/storage/v1/object/public/book-covers/when-the-moon-hatched-1785588664198.jpg,0,2026-07-26 10:06:30.433998+00,,0
457313e2-8bf5-4dda-8c7c-c0f80e403f7a,9781962096256,Mountain Boss,S.J. Tilly,,1,Romance,0,,,,,,https://nsgftakyygmenbarrnwf.supabase.co/storage/v1/object/public/book-covers/mountain-boss.jpg,2.5,2026-07-26 10:06:30.433998+00,,2.5
45df38dc-04a9-4de0-87bf-da13dc65bb9f,9781957568423,A Soul of Ash and Blood,Jennifer L. Armentrout,Blood and Ash,5,Romantasy,4,Guardian/Ward,Slow Burn,Forbidden Love,,,https://nsgftakyygmenbarrnwf.supabase.co/storage/v1/object/public/book-covers/a-soul-of-ash-and-blood.jpg,0,2026-07-26 10:06:30.433998+00,,0
48379197-ea55-4dc6-9c69-8321a58b66a5,9781496754646,One Last Rainy Day,Kate Stewart,,1,Romance,0,,,,,,https://nsgftakyygmenbarrnwf.supabase.co/storage/v1/object/public/book-covers/one-last-rainy-day.jpg,5,2026-07-26 10:06:30.433998+00,,5
48f72c49-7e8c-43ea-8e79-fe32e38a2e42,9798989528820,Snapshot,Kay Cove,,2,Romance,0,,,,,,https://nsgftakyygmenbarrnwf.supabase.co/storage/v1/object/public/book-covers/snapshot.jpg,3,2026-07-26 10:06:30.433998+00,,3
49425437-a2c9-49d0-8455-ed1f5e575808,9781962096287,Mountain Daddy,S.J. Tilly,,2,Romance,0,,,,,,https://nsgftakyygmenbarrnwf.supabase.co/storage/v1/object/public/book-covers/mountain-daddy.jpg,2.5,2026-07-26 10:06:30.433998+00,,2.5
49980b9b-31b5-440e-9cef-26f3ecd4e495,9781547608782,Assassins Blade,Sarah J. Maas,,0,Romantasy,0,,,,,,https://nsgftakyygmenbarrnwf.supabase.co/storage/v1/object/public/book-covers/assassins-blade.jpg,1.00,2026-07-26 10:06:30.433998+00,,1.00
4a3424b6-2a0d-43ce-bf87-97aee5248348,9781464241642,Chasing Shelter,Catherine Cowles,Sparrow Falls,4,Romance,0,,,,,,https://nsgftakyygmenbarrnwf.supabase.co/storage/v1/object/public/book-covers/chasing-shelter.jpg,2.5,2026-07-26 10:06:30.433998+00,,2.5
4b6d76fb-c9f1-46f4-8572-d358ebae15b6,9781250400611,Offside,Avery Keelan,,1,Romance,0,,,,,,https://nsgftakyygmenbarrnwf.supabase.co/storage/v1/object/public/book-covers/offside-1785588099234.jpg,0,2026-07-26 10:06:30.433998+00,,0
4d24096c-a509-4bd4-a1f4-8e7f41d5d651,9781464220784,A Photo Finish,Elsie Silver,,2,Romance,0,,,,,,https://nsgftakyygmenbarrnwf.supabase.co/storage/v1/object/public/book-covers/a-photo-finish.jpg,3.5,2026-07-26 10:06:30.433998+00,,3.5
4e69891f-45d7-49df-848f-01e5d3ad32bb,9781649379238,Rewind it Back,Liz Tomforde,,5,Romance,0,,,,,,https://nsgftakyygmenbarrnwf.supabase.co/storage/v1/object/public/book-covers/rewind-it-back.jpg,1.00,2026-07-26 10:06:30.433998+00,,1.00
4f1e389e-85f3-412a-a770-c0d899a008e7,9780008643560,Briar Club,Kate Quinn,,,Romance,0,,,,,,https://encrypted-tbn0.gstatic.com/images?q=tbn:ANd9GcR2ITj6mN7OBI4uglzKAwjySccMN9mSR-szAQ&s,3,2026-07-26 10:06:30.433998+00,,3
4fd6209c-a24e-4857-9c14-98207799a461,9780356528755,One Dark Window,Rachel Gillig,The Sheperd King,1,Romantasy,0,,,,,,https://encrypted-tbn0.gstatic.com/images?q=tbn:ANd9GcSdd1OFCuofNUsTFXHrOo5Kdtk4_MjaDdpApg&s,0,2026-07-26 10:06:30.433998+00,,0
50a126c8-dfdb-4955-a189-4b5aeda9dc23,9781405966283,Her Greatest Adventure,Hannah Cowan,,2,Romance,0,,,,,,https://encrypted-tbn0.gstatic.com/images?q=tbn:ANd9GcTWVgb0CngUN2xud0Gq-7Xk2hpjquhBQ8c0Jw&s,0,2026-07-26 10:06:30.433998+00,,0
519d3fdf-a156-4001-9b72-9812fb410332,9781916926097,Zodiac Academy: Heartless Sky,Peckham; Valenti,,7,Romantasy,0,,,,,,https://nsgftakyygmenbarrnwf.supabase.co/storage/v1/object/public/book-covers/zodiac-academy-heartless-sky.jpg,0,2026-07-26 10:06:30.433998+00,,0
5230b48d-9fb1-4985-9d69-fb1f81c6bfa4,9798355310905,The Hidden Falling,Kelly Cove,,1,Romantasy,0,,,,,,https://nsgftakyygmenbarrnwf.supabase.co/storage/v1/object/public/book-covers/the-hidden-falling.jpg,2.5,2026-07-26 10:06:30.433998+00,,2.5
52fde52a-992a-4e62-b995-9739293e23ab,9780316568715,Long Live Evil,Sarah Rees Brennan,Time of Iron,1,Romantasy,0,,,,,,https://nsgftakyygmenbarrnwf.supabase.co/storage/v1/object/public/book-covers/long-live-evil-1785588374969.jpg,0,2026-07-26 10:06:30.433998+00,,0
5448cd4d-29df-4e94-bfc4-78dc7d7dce85,9781250343154,The Ashes and the Star-Cursed King,Carissa Broadbent,,2,Romantasy,0,,,,,,https://nsgftakyygmenbarrnwf.supabase.co/storage/v1/object/public/book-covers/the-ashes-and-the-star-cursed-king.jpg,0,2026-07-26 10:06:30.433998+00,,0
54b69ba8-2155-4691-ac98-027604c89b4e,9781728297002,Flawless,Elsie Silver,Chestnut Springs,1,Romance,0,,,,,,https://nsgftakyygmenbarrnwf.supabase.co/storage/v1/object/public/book-covers/flawless.jpg,0,2026-07-26 10:06:30.433998+00,,0
54ec9eb1-653e-408e-98d0-39f52e0535b5,9781728289731,King of Pride,Ana Huang,Kings of Sin,2,Dark Romance,0,,,,,,https://nsgftakyygmenbarrnwf.supabase.co/storage/v1/object/public/book-covers/king-of-pride.jpg,0,2026-07-26 10:06:30.433998+00,,0
55f2f33c-1a1b-4c8b-9e9c-353ae8fd9e2b,9798367835427,The Sinner,Shantel Tessier,LORDS,2,Romance,0,,,,,,https://nsgftakyygmenbarrnwf.supabase.co/storage/v1/object/public/book-covers/the-sinner.jpg,0,2026-07-26 10:06:30.433998+00,,0
575f7abc-6a61-46b7-9d78-18968dad1559,9781728295411,There Are No Saints,Sophie Lark,,1,Dark Romance,0,,,,,,https://nsgftakyygmenbarrnwf.supabase.co/storage/v1/object/public/book-covers/there-are-no-saints.jpg,2.5,2026-07-26 10:06:30.433998+00,,2.5
58fa8d61-8580-40c6-8144-b992dd110028,9798343446333,The Penalty,D.C. Kile,,1,Romance,0,,,,,,https://nsgftakyygmenbarrnwf.supabase.co/storage/v1/object/public/book-covers/the-penalty.jpg,2.5,2026-07-26 10:06:30.433998+00,,2.5
5913cd6e-39e2-4797-ad55-69078eecedf0,9780316601412,Fury Bound,Sable Sorensen,,2,Romantasy,0,,,,,,https://nsgftakyygmenbarrnwf.supabase.co/storage/v1/object/public/book-covers/fury-bound.jpg,3,2026-07-26 10:06:30.433998+00,,3
5a52d02f-bff7-4467-a24e-50d1adfe7a77,9781916926301,Zodiac Academy: The Reckoning,Peckham; Valenti,,3,Romantasy,0,,,,,,https://nsgftakyygmenbarrnwf.supabase.co/storage/v1/object/public/book-covers/zodiac-academy-the-reckoning.jpg,0,2026-07-26 10:06:30.433998+00,,0
5c03e0e3-46fc-4fa6-a649-255b86ba068a,9789198904390,Realm of Wind and Vines,Marion Blackwood,Flame and Throns,4,Romantasy,0,,,,,,https://nsgftakyygmenbarrnwf.supabase.co/storage/v1/object/public/book-covers/realm-of-wind-and-vines.jpg,0,2026-07-26 10:06:30.433998+00,,0
5e115e82-97d8-4635-9241-5e25ed8e6499,9781399728591,Caught Up (Audiobook),Liz Tomforde,,3,Romance,0,,,,,,https://nsgftakyygmenbarrnwf.supabase.co/storage/v1/object/public/book-covers/caught-up-audiobook.jpg,5,2026-07-26 10:06:30.433998+00,,5
5e2c7845-70db-436e-9e1d-9ba4d37f952e,9798992605266,The Broken Queen,Ashley Munoz,,2,Romance,0,,,,,,https://nsgftakyygmenbarrnwf.supabase.co/storage/v1/object/public/book-covers/the-broken-queen-1785588867682.jpg,3,2026-07-26 10:06:30.433998+00,,3
5ea49962-cab5-4097-829f-472ca848c744,9798646907531,Kiss to Conquer,Anna B. Doe,,1,Romance,0,,,,,,https://nsgftakyygmenbarrnwf.supabase.co/storage/v1/object/public/book-covers/kiss-to-conquer.jpg,3,2026-07-26 10:06:30.433998+00,,3
5f2f843b-13ba-42d4-8704-54b63cdaa092,9781638932659,Scyth and Sparrow,Brynne Weaver,,3,Dark Romance,0,,,,,,https://nsgftakyygmenbarrnwf.supabase.co/storage/v1/object/public/book-covers/scyth-and-sparrow.jpg,0,2026-07-26 10:06:30.433998+00,,0
610304eb-482d-4ca7-91e7-bf17d27854bf,9781538759196,Say You'll Remember Me,Abby Jimenez,,,Romance,0,,,,,,https://nsgftakyygmenbarrnwf.supabase.co/storage/v1/object/public/book-covers/say-you-ll-remember-me.jpg,0,2026-07-26 10:06:30.433998+00,,0
6148fb12-86fd-4479-a6a7-e5bc82960039,9798993717500,Endgame,Willa Gray,,,Romance,0,,,,,,https://nsgftakyygmenbarrnwf.supabase.co/storage/v1/object/public/book-covers/endgame.jpg,3,2026-07-26 10:06:30.433998+00,,3
61e22a27-9f55-4bd1-ac3a-e739ea662ebf,9781638932413,Consider Me,Becka Mack,Playing For Keeps,1,Romance,0,,,,,,https://nsgftakyygmenbarrnwf.supabase.co/storage/v1/object/public/book-covers/consider-me.jpg,3.5,2026-07-26 10:06:30.433998+00,,3.5
62c52bdd-3b11-48e8-8a0f-402376bed6b3,9781668085721,Spark of the Everflame,Penn Cole,The Kindred's Curse Saga,1,Romantasy,0,,,,,,https://nsgftakyygmenbarrnwf.supabase.co/storage/v1/object/public/book-covers/spark-of-the-everflame.jpg,0,2026-07-26 10:06:30.433998+00,,0
62f3e4b7-1d0e-4fc3-b998-08aaac41471b,9798991438001,Madness,Shantel Tessier,,5,Dark Romance,0,,,,,,https://nsgftakyygmenbarrnwf.supabase.co/storage/v1/object/public/book-covers/madness.jpg,3,2026-07-26 10:06:30.433998+00,,3
63129d1e-c1d6-4711-aea6-2002c78f770c,9781649370136,Crush,Tracy Wolff,,2,Romance,0,,,,,,https://nsgftakyygmenbarrnwf.supabase.co/storage/v1/object/public/book-covers/crush.jpg,0,2026-07-26 10:06:30.433998+00,,0
633b7bc1-9a3b-421d-abff-6d68be1d40cb,9798637109357,Master of Salt & Bones,Keri Lake,,,Dark Romance,0,,,,,,https://nsgftakyygmenbarrnwf.supabase.co/storage/v1/object/public/book-covers/master-of-salt-bones.webp,0,2026-07-26 10:06:30.433998+00,,0
63666746-94bb-4f3d-b3cf-93ffb966b518,9781639731053,Tower of Dawn,Sarah J. Maas,Throne of Glass,6,Romantasy,0,,,,,,https://nsgftakyygmenbarrnwf.supabase.co/storage/v1/object/public/book-covers/tower-of-dawn.jpg,4,2026-07-26 10:06:30.433998+00,,4
640c5526-4583-4961-a887-d9bd4039043b,9781649379092,Accomplice to the Villain,Hannah Nicole,Assistant to The Villain,3,Romantasy,0,,,,,,https://nsgftakyygmenbarrnwf.supabase.co/storage/v1/object/public/book-covers/accomplice-to-the-villain.jpg,0,2026-07-26 10:06:30.433998+00,,0
64b6455d-4c99-4a28-858c-d776f0079743,9781728272221,Final Offer,Lauren Asher,Dreamland Billionaires,3,Romance,4,Second Chance,Billionaire,Single Parent,Slow Burn,,https://nsgftakyygmenbarrnwf.supabase.co/storage/v1/object/public/book-covers/final-offer-1785588286181.jpg,0,2026-07-26 10:06:30.433998+00,,0
64d14e6b-ff01-43ee-95d7-3143f298fc65,9781916926257,Zodiac Academy: The Awakening,Peckham; Valenti,,1,Romantasy,0,,,,,,https://nsgftakyygmenbarrnwf.supabase.co/storage/v1/object/public/book-covers/zodiac-academy-the-awakening.jpg,0,2026-07-26 10:06:30.433998+00,,0
679db275-61d1-4710-b283-e505f2c3c8cd,9781649374189,Onyx Storm,Rebecca Yarros,The Empyrean,3,Romantasy,0,,,,,,https://nsgftakyygmenbarrnwf.supabase.co/storage/v1/object/public/book-covers/onyx-storm-1785588017289.jpg,0,2026-07-26 10:06:30.433998+00,,0
67d30677-f2f8-46e7-838d-e2981a9904b4,9798988313946,A Rising Hope,Tetyana Walker,,3,Romantasy,0,,,,,,https://nsgftakyygmenbarrnwf.supabase.co/storage/v1/object/public/book-covers/a-rising-hope.jpg,3.5,2026-07-26 10:06:30.433998+00,,3.5
699edf55-7e10-4895-a491-6e80f828b207,9781299091757,Fifty Shades of Grey,E.L. James,Fifty Shades,1,Romance,0,,,,,,https://nsgftakyygmenbarrnwf.supabase.co/storage/v1/object/public/book-covers/fifty-shades-of-grey.jpg,0,2026-07-26 10:06:30.433998+00,,0
69b0634d-3be2-455d-bcd2-a32f2269bf75,9781637993088,The Legacy,Elle Kennedy,,5,Romance,0,,,,,,https://nsgftakyygmenbarrnwf.supabase.co/storage/v1/object/public/book-covers/the-legacy-1785589058755.jpg,3.5,2026-07-26 10:06:30.433998+00,,3.5
69fb01d6-86c0-459a-8831-2ab51aac67e5,9781638936305,Caught Up (Paperback),Navessa Allen,,1,Dark Romance,0,,,,,,https://nsgftakyygmenbarrnwf.supabase.co/storage/v1/object/public/book-covers/caught-up-paperback.jpg,0,2026-07-26 10:06:30.433998+00,,0
6b8f87e4-d492-487d-8d05-6b2fe54c4336,9780593732434,Swift and Saddled,Iyla Sage,Rebel Blue Ranch,2,Romance,0,,,,,,https://nsgftakyygmenbarrnwf.supabase.co/storage/v1/object/public/book-covers/swift-and-saddled.jpg,3.5,2026-07-26 10:06:30.433998+00,,3.5
6c4a8616-fc61-4687-b22d-1df565098126,9781916926080,Zodiac Academy: Fated Throne,Peckham; Valenti,,6,Romantasy,0,,,,,,https://nsgftakyygmenbarrnwf.supabase.co/storage/v1/object/public/book-covers/zodiac-academy-fated-throne.jpg,0,2026-07-26 10:06:30.433998+00,,0
6c74a997-0368-4468-a97f-2b31e5074689,9798533983518,Twisted Games,Ana Huang,Twisted,2,Romance,4,Bodyguard,Forbidden Love,Royalty,Forced Proximity,,https://nsgftakyygmenbarrnwf.supabase.co/storage/v1/object/public/book-covers/twisted-games.jpg,3.5,2026-07-26 10:06:30.433998+00,,3.5
6d28f505-8eed-4415-a163-df9107424c16,9781638932277,Game on,Navessa Allen,Into Darkness,3,Romantasy,0,,,,,,https://nsgftakyygmenbarrnwf.supabase.co/storage/v1/object/public/book-covers/game-on-1785588913934.jpg,3.5,2026-07-26 10:06:30.433998+00,,3.5
6d87a52c-b82d-4c71-b106-fff05f4a11ca,9780316312714,Two Twisted Crowns,Rachel Gillig,The Sheperd King,2,Romantasy,0,,,,,,https://covers.openlibrary.org/b/isbn/9780316312714-L.jpg,0,2026-07-26 10:06:30.433998+00,,0
6d891301-8e48-48bd-a3ab-58aaef7a0397,9781464247606,Between Two Kings,Lindsay Straube,Spit or Swallow,2,Romantasy,0,,,,,,https://nsgftakyygmenbarrnwf.supabase.co/storage/v1/object/public/book-covers/between-two-kings-1785588848349.jpg,0,2026-07-26 10:06:30.433998+00,,0
6d9ac600-da1b-41d9-9888-6c2cac91d1a6,9781496755865,My Demon Hunter,Aurora Ascher,Hell Bent,2,Romantasy,0,,,,,,https://nsgftakyygmenbarrnwf.supabase.co/storage/v1/object/public/book-covers/my-demon-hunter.jpg,3.5,2026-07-26 10:06:30.433998+00,,3.5
70acc445-6494-431a-a8eb-7e9b18c346c2,9780593599860,A Curse Carved in Bone,Danielle L. Jensen,Sage of the Unfated,2,Romantasy,0,,,,,,https://nsgftakyygmenbarrnwf.supabase.co/storage/v1/object/public/book-covers/a-curse-carved-in-bone-1785588627248.jpg,0,2026-07-26 10:06:30.433998+00,,0
717ba676-af52-45d5-a3eb-da3b94964116,9781737507710,The Fine Print,Lauren Asher,Dreamland Billionaires,1,Romance,4,Billionaire,Grumpy/Sunshine,Fake Relationship,Slow Burn,,https://nsgftakyygmenbarrnwf.supabase.co/storage/v1/object/public/book-covers/the-fine-print-1785588359730.jpg,0,2026-07-26 10:06:30.433998+00,,0
71d6e46e-b75e-42f3-b729-c1ee3a36ab48,9781728259734,A Touch of Chaos,Scarlett St. Clair,Hades x Persephone Sage,4,Romantasy,0,,,,,,https://nsgftakyygmenbarrnwf.supabase.co/storage/v1/object/public/book-covers/a-touch-of-chaos.jpg,0,2026-07-26 10:06:30.433998+00,,0
72380d48-548b-431e-8b1a-3ff0fe21270c,9781464234064,Keep Me,Sara Cate,Sinful Manor,1,Dark Romance,0,,,,,,https://nsgftakyygmenbarrnwf.supabase.co/storage/v1/object/public/book-covers/keep-me-1785588310391.jpg,0,2026-07-26 10:06:30.433998+00,,0
73ef676e-c4eb-4e8c-8ee1-112975c99586,9781948463553,House of Beating Wings,Olivia Wildenstein,The Kingdom of Crows,1,Romantasy,0,,,,,,https://nsgftakyygmenbarrnwf.supabase.co/storage/v1/object/public/book-covers/house-of-beating-wings.jpg,0,2026-07-26 10:06:30.433998+00,,0
77a2b400-5626-4a48-9274-399888040d82,9781405955003,Gild,Raven Kennedy,The Plated Prisoner,1,Romantasy,0,,,,,,https://nsgftakyygmenbarrnwf.supabase.co/storage/v1/object/public/book-covers/gild.jpg,0,2026-07-26 10:06:30.433998+00,,0
78368c33-dd05-4d02-b772-1421799f71d6,9781739433031,Voracious,Leigh Rivers,The Edge of Darkness Trilogy,2,Dark Romance,0,,,,,,https://nsgftakyygmenbarrnwf.supabase.co/storage/v1/object/public/book-covers/voracious.jpg,3.5,2026-07-26 10:06:30.433998+00,,3.5
796bdbef-0d77-4e80-bdcd-7b6b1b59bf15,9781922903068,Vows and Ruins,Helen Scheuerer,,2,Romantasy,0,,,,,,https://nsgftakyygmenbarrnwf.supabase.co/storage/v1/object/public/book-covers/vows-and-ruins.jpg,0,2026-07-26 10:06:30.433998+00,,0
79e8e7a9-db93-4110-9fe3-48475a834464,9781728276656,Salt Kiss,Sierra Simone,Lyonesse,1,Dark Romance,0,,,,,,https://nsgftakyygmenbarrnwf.supabase.co/storage/v1/object/public/book-covers/salt-kiss.jpg,0,2026-07-26 10:06:30.433998+00,,0
7aba447f-0f0d-4c91-a3be-1334244e0e75,9798986144047,One Pucked Up Pack,Sarah Blue,Pucked Up Omegaverse,1,Romance,0,,,,,,https://nsgftakyygmenbarrnwf.supabase.co/storage/v1/object/public/book-covers/one-pucked-up-pack-1785588154780.jpg,0,2026-07-26 10:06:30.433998+00,,0
7c08af77-ec37-4912-bbf6-c9c7c5132378,9798218204259,The Sacrifice,Shantel Tessier,LORDS,3,Romance,0,,,,,,https://nsgftakyygmenbarrnwf.supabase.co/storage/v1/object/public/book-covers/the-sacrifice.webp,0,2026-07-26 10:06:30.433998+00,,0
7c5ee2d8-ea72-42a0-8747-606838fcdae9,9798992605259,The Lost Kings,Ashley Munoz,,1,Romance,0,,,,,,https://nsgftakyygmenbarrnwf.supabase.co/storage/v1/object/public/book-covers/the-lost-kings.jpg,3,2026-07-26 10:06:30.433998+00,,3
7c8e832a-71d6-4dc3-9065-f9c739ead056,9798885921978,All He'll Ever Be,W Winters,Merciless,,Romance,0,,,,,,https://nsgftakyygmenbarrnwf.supabase.co/storage/v1/object/public/book-covers/all-he-ll-ever-be-1785588813482.jpg,0,2026-07-26 10:06:30.433998+00,,0
7d5b2c3c-fa78-4eb6-bbce-b9876f7e14c7,9781668061749,Breathe With Me,Becka Mack,,5,Romance,0,,,,,,https://nsgftakyygmenbarrnwf.supabase.co/storage/v1/object/public/book-covers/breathe-with-me.jpg,0,2026-07-26 10:06:30.433998+00,,0
7e0bc983-9102-43f5-9dfc-90ee4577360d,9781635575590,A Court of Wings and Ruin,Sarah J. Maas,ACOTAR,3,Romantasy,0,,,,,,https://nsgftakyygmenbarrnwf.supabase.co/storage/v1/object/public/book-covers/a-court-of-wings-and-ruin.jpg,2.00,2026-07-26 10:06:30.433998+00,,2.00
7e5d25d9-6a59-46d4-a33e-92f79e067a5f,9781680680584,We Are Legion: We Are Bob,Ray Porter,,1,Romance,0,,,,,,https://nsgftakyygmenbarrnwf.supabase.co/storage/v1/object/public/book-covers/we-are-legion-we-are-bob.jpg,2.5,2026-07-26 10:06:30.433998+00,,2.5
7ee25726-c5d7-4458-a4ba-261c05801694,9781728276069,Court of the Vampire Queen,Katee Robert,Bloodline Vampires,,Dark Romance,0,,,,,,https://nsgftakyygmenbarrnwf.supabase.co/storage/v1/object/public/book-covers/court-of-the-vampire-queen.jpg,0,2026-07-26 10:06:30.433998+00,,0
7f8c792d-9767-447b-b744-c631b113bd4f,9781398561724,Amid Clouds and Bones,Ella Fields,,,Romantasy,0,,,,,,https://nsgftakyygmenbarrnwf.supabase.co/storage/v1/object/public/book-covers/amid-clouds-and-bones.jpg,0,2026-07-26 10:06:30.433998+00,,0
8083c050-8f96-456e-9d12-c5f8592001d4,9780349440187,Iron Flame,Rebecca Yarros,The Empyrean,2,Romantasy,4,Dragon Riders,Magic Academy,Second Guessing,Rebellion,,https://nsgftakyygmenbarrnwf.supabase.co/storage/v1/object/public/book-covers/iron-flame.jpg,0,2026-07-26 10:06:30.433998+00,,0
80ba6cfc-bc11-4d20-978e-40dfd9b3d1ce,9781638931737,Butcher and Blackbird,Brynne Weaver,,1,Dark Romance,0,,,,,,https://nsgftakyygmenbarrnwf.supabase.co/storage/v1/object/public/book-covers/butcher-and-blackbird.jpg,0,2026-07-26 10:06:30.433998+00,,0
8139fd1b-11bd-4095-a377-1ec723e499d7,9781649379719,The Right Move,Liz Tomforde,,2,Romance,0,,,,,,https://nsgftakyygmenbarrnwf.supabase.co/storage/v1/object/public/book-covers/the-right-move.jpg,1.00,2026-07-26 10:06:30.433998+00,,1.00
81b441b5-b188-4809-83b9-6011682e7536,9781405966689,Gold,Raven Kennedy,The Plated Prisoner,5,Romantasy,0,,,,,,https://nsgftakyygmenbarrnwf.supabase.co/storage/v1/object/public/book-covers/gold.jpg,0,2026-07-26 10:06:30.433998+00,,0
81f78e8a-343b-457e-85fc-f116c88947d4,9781250866929,Rebel Witch,Kristen Ciccarelli,Crimson Moth,2,Romantasy,0,,,,,,https://nsgftakyygmenbarrnwf.supabase.co/storage/v1/object/public/book-covers/rebel-witch-1785588406790.jpg,0,2026-07-26 10:06:30.433998+00,,0
82c87932-3447-4e80-983d-3e9450725592,9798985421217,The Never King,Nikki St. Crowe,Vicious Lost Boys,1,Romantasy,0,,,,,,https://nsgftakyygmenbarrnwf.supabase.co/storage/v1/object/public/book-covers/the-never-king-1785588128799.jpg,4,2026-07-26 10:06:30.433998+00,,4
834035bb-5d0e-491d-8b9a-64bf3c945eec,9781250406828,The Poet Empress,Shen Tao,,,Romantasy,0,,,,,,https://nsgftakyygmenbarrnwf.supabase.co/storage/v1/object/public/book-covers/the-poet-empress-1785588876049.jpg,4.5,2026-07-26 10:06:30.433998+00,,4.5
8423e0cc-7fbe-4023-b576-b06a30272b0d,9781511335171,Crown of Midnight,Sarah J. Maas,Throne of Glass,2,Romantasy,0,,,,,,https://nsgftakyygmenbarrnwf.supabase.co/storage/v1/object/public/book-covers/crown-of-midnight.jpg,3.00,2026-07-26 10:06:30.433998+00,,5
84afa252-491a-48ca-a7e0-744b60ed0743,9781728295428,There Is No Devil,Sophie Lark,,2,Dark Romance,0,,,,,,https://nsgftakyygmenbarrnwf.supabase.co/storage/v1/object/public/book-covers/there-is-no-devil.jpg,2.5,2026-07-26 10:06:30.433998+00,,2.5
84de3e5d-ccbd-4eb2-b7b8-9da3d7e48580,9798218198596,Nocticadia,Keri Lake,,,Dark Romance,0,,,,,,https://nsgftakyygmenbarrnwf.supabase.co/storage/v1/object/public/book-covers/nocticadia.jpg,0,2026-07-26 10:06:30.433998+00,,0
84ef9b74-a1a2-449c-acb2-ee15eed27aec,9781963474060,Leave Me Behind,K.M. Moronova,,1,Dark Romance,0,,,,,,https://nsgftakyygmenbarrnwf.supabase.co/storage/v1/object/public/book-covers/leave-me-behind-1785588574167.jpg,0,2026-07-26 10:06:30.433998+00,,0
896b898a-a92c-4498-b387-5222036258df,9781922903150,Fate and Furies,Helen Scheuerer,,3,Romantasy,0,,,,,,https://nsgftakyygmenbarrnwf.supabase.co/storage/v1/object/public/book-covers/fate-and-furies.jpg,0,2026-07-26 10:06:30.433998+00,,0
89c3e0ca-33e2-45c6-852a-0f24abf37ea3,9798347115501,Throne of Ice and Blood,Marion Blackwood,,2,Romantasy,0,,,,,,https://nsgftakyygmenbarrnwf.supabase.co/storage/v1/object/public/book-covers/throne-of-ice-and-blood.jpg,0,2026-07-26 10:06:30.433998+00,,0
8b21bd11-e3da-4eab-ae5a-36017170421b,9781399728614,Play Along,Liz Tomforde,Windy City,4,Romance,0,,,,,,https://nsgftakyygmenbarrnwf.supabase.co/storage/v1/object/public/book-covers/play-along.jpg,5,2026-07-26 10:06:30.433998+00,,5
8b9d474f-0349-4f95-8cb7-41a5e9a078ac,9781542036306,Ruthless Rival,L.J. Shen,Cruel Castaways,1,Dark Romance,0,,,,,,https://nsgftakyygmenbarrnwf.supabase.co/storage/v1/object/public/book-covers/ruthless-rival.jpg,2,2026-07-26 10:06:30.433998+00,,2
8bc44dd0-7d7a-4015-b940-1e834bad88e2,9781948463898,House of Striking Oaths,Olivia Wildenstein,The Kingdom of Crows,3,Romantasy,0,,,,,,https://nsgftakyygmenbarrnwf.supabase.co/storage/v1/object/public/book-covers/house-of-striking-oaths.jpg,0,2026-07-26 10:06:30.433998+00,,0
8c1e2f62-3343-45e4-b81b-f54079283d77,9781464220821,Wild Eyes,Elsie Silver,Rose Hill,2,Romance,0,,,,,,https://nsgftakyygmenbarrnwf.supabase.co/storage/v1/object/public/book-covers/wild-eyes.jpg,0,2026-07-26 10:06:30.433998+00,,0
8c61959b-9efc-4ab7-b6cc-426cc3bd7371,9781250334237,Enigma,Runyx Runyx,,,Dark Romance,0,,,,,,https://nsgftakyygmenbarrnwf.supabase.co/storage/v1/object/public/book-covers/enigma.jpg,0,2026-07-26 10:06:30.433998+00,,0
8dbbc929-0bb2-4902-a99e-964c52332eb0,9781649377173,Apprentice to the Villain,Hannah Nicole,Assistant to The Villain,2,Romantasy,0,,,,,,https://nsgftakyygmenbarrnwf.supabase.co/storage/v1/object/public/book-covers/apprentice-to-the-villain.jpg,0,2026-07-26 10:06:30.433998+00,,0
8dd60c0f-f3e4-418c-b7b2-f6cd34f22067,9789538511035,Kiss to Forgeet,Anna B. Doe,,2,Romance,0,,,,,,https://nsgftakyygmenbarrnwf.supabase.co/storage/v1/object/public/book-covers/kiss-to-forgeet.jpg,3,2026-07-26 10:06:30.433998+00,,3
8ec73d50-43ed-46d0-bf36-15b205b72380,9781922903037,Blood and Steel,Helen Scheuerer,,1,Romantasy,0,,,,,,https://nsgftakyygmenbarrnwf.supabase.co/storage/v1/object/public/book-covers/blood-and-steel-1785588003248.jpg,0,2026-07-26 10:06:30.433998+00,,0
8f170f34-9b36-4696-8fa3-c8bf54f4cf3f,9780349445953,Beneath the Stands,Emily McIntire,,2,Romance,0,,,,,,https://nsgftakyygmenbarrnwf.supabase.co/storage/v1/object/public/book-covers/beneath-the-stands.jpg,0,2026-07-26 10:06:30.433998+00,,0
8f40644f-3d30-4e7c-87d9-4b45e8261592,9781728297033,Reckless,Elsie Silver,Chestnut Springs,4,Romance,0,,,,,,https://nsgftakyygmenbarrnwf.supabase.co/storage/v1/object/public/book-covers/reckless.jpg,0,2026-07-26 10:06:30.433998+00,,0
8fcdcc5a-e1a8-4dae-83cd-e15e768ade41,9781951936662,Broken Harbor,Catherine Cowles,Sparrow Falls,3,Romance,0,,,,,,https://nsgftakyygmenbarrnwf.supabase.co/storage/v1/object/public/book-covers/broken-harbor.jpg,2.5,2026-07-26 10:06:30.433998+00,,2.5
933b0c0f-243e-4643-ba4a-622b72e955ce,9780349434278,Twisted Love,Ana Huang,Twisted,1,Romance,4,Brother's Best Friend,Grumpy/Sunshine,Forbidden Love,Possessive,,https://nsgftakyygmenbarrnwf.supabase.co/storage/v1/object/public/book-covers/twisted-love.jpg,3.5,2026-07-26 10:06:30.433998+00,,3.5
9419d4aa-ce8e-4f67-9e9f-4692518717b0,9781925958737,Not Your Pucking Girl,Sheridan Anne,,1,Romance,0,,,,,,https://nsgftakyygmenbarrnwf.supabase.co/storage/v1/object/public/book-covers/not-your-pucking-girl.jpg,0,2026-07-26 10:06:30.433998+00,,0
948755d5-b1a4-4f70-a191-065f75808b0a,9781464220777,Off to the Races,Elsie Silver,Gold Rush Ranch,1,Romance,0,,,,,,https://nsgftakyygmenbarrnwf.supabase.co/storage/v1/object/public/book-covers/off-to-the-races.jpg,3.5,2026-07-26 10:06:30.433998+00,,3.5
94e896de-e466-4bfd-b2e3-6108643d4a25,9798989893607,The Ever Queen,L.J. Andrews,The Ever Seas,2,Romantasy,0,,,,,,https://nsgftakyygmenbarrnwf.supabase.co/storage/v1/object/public/book-covers/the-ever-queen.jpg,0,2026-07-26 10:06:30.433998+00,,0
955505ce-93bc-4917-ab96-ab4d07abfae6,9780593492918,First Lie Wins,Ashley Elston,,,Romance,0,,,,,,https://nsgftakyygmenbarrnwf.supabase.co/storage/v1/object/public/book-covers/first-lie-wins.jpg,0,2026-07-26 10:06:30.433998+00,,0
95e90440-e4ac-4f20-9c17-90454bbca909,9781635575583,A Court of Mist and Fury,Sarah J. Maas,ACOTAR,2,Romantasy,4,Fated Mates,Slow Burn,Found Family,Morally Gray MMC,Touch Her and Die,https://nsgftakyygmenbarrnwf.supabase.co/storage/v1/object/public/book-covers/a-court-of-mist-and-fury-1785587951971.jpg,3.5,2026-07-26 10:06:30.433998+00,,3.5
96a5b3e4-d541-488a-b08a-6ac451533bd0,9781638932239,Lights Out,Navessa Allen,Into Darkness,2,Dark Romance,5,Masked MMC,Stalker,Online Romance,Obsessive,,https://nsgftakyygmenbarrnwf.supabase.co/storage/v1/object/public/book-covers/lights-out-1785588187105.jpg,0,2026-07-26 10:06:30.433998+00,,0
972db799-6e94-4e95-b552-5da026b4a4b9,9781738844708,Powerless,Elsie Silver,Chestnut Springs,3,Romance,0,,,,,,https://encrypted-tbn0.gstatic.com/images?q=tbn:ANd9GcT6DEavPOOwGO_efNkhu4n2ovQvzbEbPjOHBQ&s,0,2026-07-26 10:06:30.433998+00,,0
97c139ba-03fc-413c-98c7-6c9c1f781db8,9798985421293,Their Vicious Darling,Nikki St. Crowe,Vicious Lost Boys,3,Romantasy,0,,,,,,https://nsgftakyygmenbarrnwf.supabase.co/storage/v1/object/public/book-covers/their-vicious-darling.jpg,4,2026-07-26 10:06:30.433998+00,,4
986721f9-3127-4c49-a4f3-99dee4ef75a8,9781035051748,Slaying the Vampire Conqueror,Carissa Broadbent,Crowns of Nyaxia,0,Romantasy,0,,,,,,https://nsgftakyygmenbarrnwf.supabase.co/storage/v1/object/public/book-covers/slaying-the-vampire-conqueror.jpg,0,2026-07-26 10:06:30.433998+00,,0
988f9ebf-c5dd-499a-9215-48e4a824b12e,9780385298339,Gone with the Wind,Sidney Coe Howard,,,Romantasy,0,,,,,,https://nsgftakyygmenbarrnwf.supabase.co/storage/v1/object/public/book-covers/gone-with-the-wind-1785587933509.jpg,5.00,2026-07-31 11:54:59.579995+00,1ad50899-df63-4478-b16a-a206f54348af,0
98d64e06-315c-492f-ae29-084d6bc76986,9781537356426,The Mistake,Elle Kennedy,,2,Romance,0,,,,,,https://nsgftakyygmenbarrnwf.supabase.co/storage/v1/object/public/book-covers/the-mistake.jpg,3.5,2026-07-26 10:06:30.433998+00,,3.5
99277db1-2c5f-4179-8c67-babf8d3d13cd,9781496755858,My Funny Demon Valentine,Aurora Ascher,Hell Bent,1,Romantasy,0,,,,,,https://nsgftakyygmenbarrnwf.supabase.co/storage/v1/object/public/book-covers/my-funny-demon-valentine.jpg,3.5,2026-07-26 10:06:30.433998+00,,3.5
9954d1ed-7d1d-45e1-9bc6-73d3093b33eb,9781638932437,Unravel Me,Becka Mack,Playing For Keeps,3,Romance,0,,,,,,https://nsgftakyygmenbarrnwf.supabase.co/storage/v1/object/public/book-covers/unravel-me.jpg,0,2026-07-26 10:06:30.433998+00,,0
9962f84b-fb8e-4377-aa24-647f18fb1af1,9781804993385,Assistant to the Villain,Hannah Nicole,Assistant to The Villain,1,Romantasy,0,,,,,,https://nsgftakyygmenbarrnwf.supabase.co/storage/v1/object/public/book-covers/assistant-to-the-villain.jpg,0,2026-07-26 10:06:30.433998+00,,0
99966528-8b4a-41ec-b3b8-2a595308daf6,9780063082359,It Happened One Summer,Tessa Bailey,Bellinger Series,,Romance,4,Fish Out of Water,Grumpy/Sunshine,Small Town,Opposites Attract,,https://nsgftakyygmenbarrnwf.supabase.co/storage/v1/object/public/book-covers/it-happened-one-summer.jpg,3,2026-07-26 10:06:30.433998+00,,3
9a62f405-708c-44de-bf79-b90b7a16cebd,9798990413757,Bonds of Hercules,Jasmine Mas,Villians of Lore,2,Romantasy,0,,,,,,https://nsgftakyygmenbarrnwf.supabase.co/storage/v1/object/public/book-covers/bonds-of-hercules.jpg,0,2026-07-26 10:06:30.433998+00,,0
9e1d6a67-7114-4148-b3f7-71f04849cadc,9780062224736,Cruel Beauty,Dana Isaly,,,Dark Romance,0,,,,,,https://nsgftakyygmenbarrnwf.supabase.co/storage/v1/object/public/book-covers/cruel-beauty-1785588139394.jpg,0,2026-07-26 10:06:30.433998+00,,0
9f92d395-3796-4aa9-853c-0730a749a15b,9798394812033,Mafia and Scars,Isa Oliver,,,Romance,0,,,,,,https://nsgftakyygmenbarrnwf.supabase.co/storage/v1/object/public/book-covers/mafia-and-scars.jpg,3,2026-07-26 10:06:30.433998+00,,3
9fb23951-b8be-4fd9-a841-526063ff4f22,9781734999440,Beneath the Stars,Emily McIntire,Sugerlake,1,Romance,0,,,,,,https://nsgftakyygmenbarrnwf.supabase.co/storage/v1/object/public/book-covers/beneath-the-stars-1785588542069.jpg,0,2026-07-26 10:06:30.433998+00,,0
a023c3f4-f818-4d42-b1a9-cd020ca70c06,9780349436371,King of Sloth,Ana Huang,Kings of Sin,4,Romance,0,,,,,,https://nsgftakyygmenbarrnwf.supabase.co/storage/v1/object/public/book-covers/king-of-sloth-1785589021326.jpg,0,2026-07-26 10:06:30.433998+00,,0
a2ca86e5-7aa1-419b-b4b1-fdad742afbb3,9781957464053,Twisted Lies,Ana Huang,Twisted,4,Romance,0,,,,,,https://nsgftakyygmenbarrnwf.supabase.co/storage/v1/object/public/book-covers/twisted-lies.jpg,3.5,2026-07-26 10:06:30.433998+00,,3.5
a36fa24d-99c6-40c3-9e20-177eca9001f8,9781662527579,My Dark Fairy Tale,Giana Darling,,1,Dark Romance,0,,,,,,https://nsgftakyygmenbarrnwf.supabase.co/storage/v1/object/public/book-covers/my-dark-fairy-tale.jpg,2,2026-07-26 10:06:30.433998+00,,2
a46873d2-a454-41f7-859f-e8f256fdef56,9780349436357,King of Greed,Ana Huang,,3,Romance,0,,,,,,https://nsgftakyygmenbarrnwf.supabase.co/storage/v1/object/public/book-covers/king-of-greed-1785589007263.jpg,0,2026-07-26 10:06:30.433998+00,,0
a4ad5c7e-9d2b-4b59-afa6-adfd458471ba,9798218792534,Eldritch,Keri Lake,,2,Romantasy,0,,,,,,https://nsgftakyygmenbarrnwf.supabase.co/storage/v1/object/public/book-covers/eldritch-1785589046902.jpg,0,2026-07-26 10:06:30.433998+00,,0
a639abc3-07e7-42e1-bd3b-562b65496c48,9798987472507,Wolf Gone Wild,Juliette Cross,Stay a Spell,1,Romantasy,0,,,,,,https://nsgftakyygmenbarrnwf.supabase.co/storage/v1/object/public/book-covers/wolf-gone-wild.jpg,0,2026-07-26 10:06:30.433998+00,,0
a708191d-bfc4-4c30-b7f5-7771ff42dd91,9781668098264,Heat of the Everflame,Penn Cole,The Kindred's Curse,3,Romantasy,0,,,,,,https://nsgftakyygmenbarrnwf.supabase.co/storage/v1/object/public/book-covers/heat-of-the-everflame.jpg,0,2026-07-26 10:06:30.433998+00,,0
aafb41cb-77bc-4e74-ac63-3f30d2bafbff,9781728276663,Honey Cut,Sierra Simone,Lyonesse,2,Dark Romance,0,,,,,,https://nsgftakyygmenbarrnwf.supabase.co/storage/v1/object/public/book-covers/honey-cut-1785588776490.jpg,0,2026-07-26 10:06:30.433998+00,,0
ab5ad2e6-1841-42f3-a2a4-fd46159eea74,9781464260131,"Your Knife, My Heart",K.M. Moronova,Dark Forces,2,Dark Romance,0,,,,,,https://nsgftakyygmenbarrnwf.supabase.co/storage/v1/object/public/book-covers/your-knife-my-heart.webp,3.5,2026-07-26 10:06:30.433998+00,,3.5
aca0163b-7283-4ffb-9d5d-b927494866bf,9781464246326,Older,Jennifer Hartman,,,Dark Romance,0,,,,,,https://nsgftakyygmenbarrnwf.supabase.co/storage/v1/object/public/book-covers/older.jpg,0,2026-07-26 10:06:30.433998+00,,0
ad3df270-71de-4c6a-aef8-3a624c6ed369,9781035013500,Exodus,Kate Stewart,The Ravenhood,2,Romance,0,,,,,,https://nsgftakyygmenbarrnwf.supabase.co/storage/v1/object/public/book-covers/exodus.jpg,3,2026-07-26 10:06:30.433998+00,,3
ae159848-9b56-42e7-a0f8-70c3210b3d49,9781662527593,My Dark Ever After,Giana Darling,,2,Dark Romance,0,,,,,,https://nsgftakyygmenbarrnwf.supabase.co/storage/v1/object/public/book-covers/my-dark-ever-after-1785588926908.jpg,2,2026-07-26 10:06:30.433998+00,,2
ae6acc56-1dd5-4abd-a1bc-76b5154cc407,9781639730841,A Court of Silver Flames,Sarah J. Maas,ACOTAR,5,Romantasy,0,,,,,,https://nsgftakyygmenbarrnwf.supabase.co/storage/v1/object/public/book-covers/a-court-of-silver-flames.jpg,2.00,2026-07-26 10:06:30.433998+00,,2.00
ae7f64d1-3377-4b57-9d25-9b5d57f5b9e5,9780997720181,Flames of Chaos,Amelia Hutchins,,1,Romantasy,0,,,,,,https://nsgftakyygmenbarrnwf.supabase.co/storage/v1/object/public/book-covers/flames-of-chaos.jpg,2,2026-07-26 10:06:30.433998+00,,2
af3f3741-aa0c-4002-9ecf-f3460088cf8a,9781728289762,King of Envy,Ana Huang,Kings of Sin,5,Romance,0,,,,,,https://covers.openlibrary.org/b/isbn/9781728289762-L.jpg,0,2026-07-26 10:06:30.433998+00,,0
b0eadd19-c0a7-4501-87f7-96cbade7a0a0,9781728258454,A Touch of Darkness,Scarlett St. Clair,Hades x Persephone Sage,1,Romantasy,0,,,,,,https://nsgftakyygmenbarrnwf.supabase.co/storage/v1/object/public/book-covers/a-touch-of-darkness.jpg,0,2026-07-26 10:06:30.433998+00,,0
b0f24f83-39b8-4d06-adbc-e727d8d19186,9780349442266,The Defender,Ana Huang,Gods of the Dame,2,Romance,0,,,,,,https://nsgftakyygmenbarrnwf.supabase.co/storage/v1/object/public/book-covers/the-defender.jpg,0,2026-07-26 10:06:30.433998+00,,0
b11585ff-debe-4df0-84d0-c8bd538b98b7,9781997789000,Vanguard,Karina Halle,,,Dark Romance,0,,,,,,https://nsgftakyygmenbarrnwf.supabase.co/storage/v1/object/public/book-covers/vanguard.jpg,0,2026-07-26 10:06:30.433998+00,,0
b14a1533-64b3-4094-b243-7ff0839c13c8,9781914425042,Zodiac Academy: The Awakening as Told by the Boys,Peckham; Valenti,,1,Romantasy,0,,,,,,https://nsgftakyygmenbarrnwf.supabase.co/storage/v1/object/public/book-covers/zodiac-academy-the-awakening-as-told-by-the-boys.jpg,0,2026-07-26 10:06:30.433998+00,,0
b30d28f2-60a0-440f-ad71-0760b9535b21,9781951910082,The Dark Rising,Kelly Cove,,2,Romantasy,0,,,,,,https://nsgftakyygmenbarrnwf.supabase.co/storage/v1/object/public/book-covers/the-dark-rising.jpg,3,2026-07-26 10:06:30.433998+00,,3
b4adcda0-e195-4174-91c0-ba1f537c2bd7,9781638932475,Hunting Adeline,H.D. Carlton,Cat and Mouse,2,Dark Romance,5,Stalker,Captive/Captor,Obsessive,Revenge,,https://images3.penguinrandomhouse.com/cover/9781638932475,0,2026-07-26 10:06:30.433998+00,,0
b5516580-0996-4a37-adcf-a11d458bf02a,9781464252044,Bad Bishop,L.J. Shen,,1,Dark Romance,0,,,,,,https://nsgftakyygmenbarrnwf.supabase.co/storage/v1/object/public/book-covers/bad-bishop.jpg,2.5,2026-07-26 10:06:30.433998+00,,2.5
b6a911f4-5447-42ed-88cb-ec0762df1ff2,9781635575620,A Court of Frost and Starlight,Sarah J. Maas,ACOTAR,4,Romantasy,0,,,,,,https://nsgftakyygmenbarrnwf.supabase.co/storage/v1/object/public/book-covers/a-court-of-frost-and-starlight.jpg,5.00,2026-07-26 10:06:30.433998+00,,5.00
b721a21a-dccb-4edf-8574-cb104c5d3875,9781952457746,The War of Two Queens,Jennifer L. Armentrout,Blood and Ash,4,Romantasy,0,,,,,,https://nsgftakyygmenbarrnwf.supabase.co/storage/v1/object/public/book-covers/the-war-of-two-queens-1785588344804.jpg,0,2026-07-26 10:06:30.433998+00,,0
b9b27d47-e36e-474b-b070-6ee149fcf383,9781961131156,Bloody Black,Rhiannon Hargadon,,,Romantasy,0,,,,,,https://nsgftakyygmenbarrnwf.supabase.co/storage/v1/object/public/book-covers/bloody-black.jpg,0,2026-07-26 10:06:30.433998+00,,0
b9e7eec6-6424-495b-bf38-7f17b18dbeed,9781464250378,Kiss of the Basilisk,Lindsay Straube,Spit or Swallow,1,Romantasy,0,,,,,,https://nsgftakyygmenbarrnwf.supabase.co/storage/v1/object/public/book-covers/kiss-of-the-basilisk.jpg,0,2026-07-26 10:06:30.433998+00,,0
bb631222-e5d8-4b32-99bf-8bc7e4e0e1f0,9798985421231,The Dark One,Nikki St. Crowe,Vicious Lost Boys,2,Romantasy,0,,,,,,https://encrypted-tbn0.gstatic.com/images?q=tbn:ANd9GcTLw34zIF7qfs2rgzgLaq1_dqZoixPs2sbCMA&s,4,2026-07-26 10:06:30.433998+00,,4
bc1adc9a-8744-4ecb-a6f3-1ebe5eebed5a,9781405986465,Chasing the Wild,Elliott Rose,,1,Romance,0,,,,,,https://nsgftakyygmenbarrnwf.supabase.co/storage/v1/object/public/book-covers/chasing-the-wild.jpg,2.5,2026-07-26 10:06:30.433998+00,,2.5
bcfe348d-0e68-44fa-b1ad-555d5e2527df,9781538774229,Brimstone,Callie Hart,Fae & Alchemy,2,Romantasy,0,,,,,,https://nsgftakyygmenbarrnwf.supabase.co/storage/v1/object/public/book-covers/brimstone.jpg,0,2026-07-26 10:06:30.433998+00,,0
bd457877-d448-4412-ba7c-55b34a5a5a32,9781761348815,Live For Me,Brittany Ann,,1,Romance,0,,,,,,https://nsgftakyygmenbarrnwf.supabase.co/storage/v1/object/public/book-covers/live-for-me.jpg,3,2026-07-26 10:06:30.433998+00,,3
bde5cb00-f67d-4b51-bdf2-1e2206360f26,9781955871129,Shadows So Cruel,Liv Zander,,2,Romantasy,0,,,,,,https://nsgftakyygmenbarrnwf.supabase.co/storage/v1/object/public/book-covers/shadows-so-cruel.jpg,0,2026-07-26 10:06:30.433998+00,,0
c0ca2a44-836f-4596-ba7d-7cb83330461f,9781464241659,Secret Haven,Catherine Cowles,Sparrow Falls,5,Romance,0,,,,,,https://nsgftakyygmenbarrnwf.supabase.co/storage/v1/object/public/book-covers/secret-haven.jpg,2.5,2026-07-26 10:06:30.433998+00,,2.5
c0dc163d-881a-428e-8511-482473bae856,9781496752895,Her Soul to Take,Harley Laroux,Souls Trilogy,1,Dark Romance,0,,,,,,https://nsgftakyygmenbarrnwf.supabase.co/storage/v1/object/public/book-covers/her-soul-to-take-1785588638659.jpg,0,2026-07-26 10:06:30.433998+00,,0
c2019b93-9488-4109-914d-a68e401a0a01,9781538770801,Enchantra,Kaylie Smith,Wicked Games,2,Romantasy,0,,,,,,https://nsgftakyygmenbarrnwf.supabase.co/storage/v1/object/public/book-covers/enchantra.jpg,0,2026-07-26 10:06:30.433998+00,,0
c2d53243-ecaf-4c5b-8e9d-14ceda7445a0,9780593550427,Not In Love,Ali Hazelwood,,,Romance,0,,,,,,https://nsgftakyygmenbarrnwf.supabase.co/storage/v1/object/public/book-covers/not-in-love-1785588610245.jpg,0,2026-07-26 10:06:30.433998+00,,0
c3a35924-c0d0-498e-8c95-cc1c736eecc0,9798358618916,Heartless,Elsie Silver,Chestnut Springs,2,Romance,0,,,,,,https://encrypted-tbn0.gstatic.com/images?q=tbn:ANd9GcSA8k3UftcF1busPSgt3-ilXFJnQB7_2c626g&s,0,2026-07-26 10:06:30.433998+00,,0
c5e2c916-ad85-4d5e-ba0c-77346bda7e63,9781464220791,The Front Runner,Elsie Silver,,3,Romance,0,,,,,,https://nsgftakyygmenbarrnwf.supabase.co/storage/v1/object/public/book-covers/the-front-runner.jpg,3.5,2026-07-26 10:06:30.433998+00,,3.5
c617405a-b5c8-4c38-b104-d9a2fcb1eabf,9781916926103,Zodiac Academy: Sorrow and Starlight,Peckham; Valenti,,8,Romantasy,0,,,,,,https://nsgftakyygmenbarrnwf.supabase.co/storage/v1/object/public/book-covers/zodiac-academy-sorrow-and-starlight.jpg,0,2026-07-26 10:06:30.433998+00,,0
c6b72980-fcf2-4e1c-93f2-84ff0b4d0bbc,9781775293958,The Score,Elle Kennedy,,3,Romance,0,,,,,,https://nsgftakyygmenbarrnwf.supabase.co/storage/v1/object/public/book-covers/the-score.jpg,3.5,2026-07-26 10:06:30.433998+00,,3.5
c74e1237-8593-4aec-8f4e-43f56af6adfa,9781737507727,Terms and Conditions,Lauren Asher,Dreamland Billionaires,2,Romance,4,Marriage of Convenience,Fake Relationship,Workplace,Billionaire,,https://encrypted-tbn0.gstatic.com/images?q=tbn:ANd9GcSm9uHI9P-xXVWYSGYgfL0m8_3u2pAKfiHC3A&s,0,2026-07-26 10:06:30.433998+00,,0
c8ceb1db-d313-4b6f-bda4-15ae641c4736,9781464220807,The False Start,Elsie Silver,,4,Romance,0,,,,,,https://nsgftakyygmenbarrnwf.supabase.co/storage/v1/object/public/book-covers/the-false-start.jpg,3.5,2026-07-26 10:06:30.433998+00,,3.5
c9c8b59f-38db-450e-9f35-5287dd0bc146,9781955017565,Power,Kathy Lockheart,,2,Dark Romance,0,,,,,,https://nsgftakyygmenbarrnwf.supabase.co/storage/v1/object/public/book-covers/power.jpg,2.5,2026-07-26 10:06:30.433998+00,,2.5
ca4ee202-2345-41f2-aaa7-32f639d70f90,9788401031540,The Finish Line,Kate Stewart,The Ravenhood,3,Romance,0,,,,,,https://nsgftakyygmenbarrnwf.supabase.co/storage/v1/object/public/book-covers/the-finish-line.jpg,3.5,2026-07-26 10:06:30.433998+00,,3.5
cad97974-f56b-415c-933f-be95a98231e7,9781250906205,Wolfsong,TJ Klune,Green Creek,1,Romantasy,0,,,,,,https://encrypted-tbn0.gstatic.com/images?q=tbn:ANd9GcRms7foroT78wqhLcio4pkw33lvOKzqG3mO0w&s,0,2026-07-26 10:06:30.433998+00,,0
cb3dd153-64af-4b4d-8e35-dd872a026539,9780349441634,Wild Love,Elsie Silver,Rose Hill,1,Romance,0,,,,,,https://nsgftakyygmenbarrnwf.supabase.co/storage/v1/object/public/book-covers/wild-love.jpg,0,2026-07-26 10:06:30.433998+00,,0
cb8adf34-c900-41a8-a590-86e0861382ea,9781405955027,Gleam,Raven Kennedy,,3,Romantasy,0,,,,,,https://nsgftakyygmenbarrnwf.supabase.co/storage/v1/object/public/book-covers/gleam.jpg,0,2026-07-26 10:06:30.433998+00,,0
cb8f48c6-fd16-4221-a396-bbf3b4d71588,9781619636064,Queen of Shadows,Sarah J. Maas,Throne of Glass,4,Romantasy,0,,,,,,https://nsgftakyygmenbarrnwf.supabase.co/storage/v1/object/public/book-covers/queen-of-shadows.jpg,1.00,2026-07-26 10:06:30.433998+00,,1.00
cc1d706c-df03-4975-8790-176e9f0aeaf8,9781335015877,The Hook Up,Kristen Callihan,,1,Romance,0,,,,,,https://nsgftakyygmenbarrnwf.supabase.co/storage/v1/object/public/book-covers/the-hook-up.jpg,0,2026-07-26 10:06:30.433998+00,,0
cce59aa4-d811-46de-9a2e-5723fa0aa6c2,9780593732427,Done and Dusted,Iyla Sage,Rebel Blue Ranch,1,Romance,0,,,,,,https://nsgftakyygmenbarrnwf.supabase.co/storage/v1/object/public/book-covers/done-and-dusted.jpg,3.5,2026-07-26 10:06:30.433998+00,,3.5
ce6dd7de-8aaf-471e-a797-7e1678bae41e,9781250857453,Ruthless Rivals,Rebecca Ross,,2,Romantasy,0,,,,,,https://nsgftakyygmenbarrnwf.supabase.co/storage/v1/object/public/book-covers/ruthless-rivals-1785588690689.jpg,0,2026-07-26 10:06:30.433998+00,,0
cf185621-900c-404d-9a0b-b180d8e969a9,9798988313908,A Broken Promise,Tetyana Walker,,1,Romantasy,0,,,,,,https://nsgftakyygmenbarrnwf.supabase.co/storage/v1/object/public/book-covers/a-broken-promise.jpg,3.5,2026-07-26 10:06:30.433998+00,,3.5
d0bc3f94-1b41-413d-9674-e05e9875a113,9798990263345,Goldfinch,Raven Kennedy,The Plated Prisoner,6,Romantasy,0,,,,,,https://nsgftakyygmenbarrnwf.supabase.co/storage/v1/object/public/book-covers/goldfinch.jpg,0,2026-07-26 10:06:30.433998+00,,0
d10054fe-bf93-48de-805f-f797be74f1e4,9781637994634,The Serpent and the Wings of Night,Carissa Broadbent,,1,Romantasy,0,,,,,,https://nsgftakyygmenbarrnwf.supabase.co/storage/v1/object/public/book-covers/the-serpent-and-the-wings-of-night.jpg,0,2026-07-26 10:06:30.433998+00,,0
d214023b-d15e-4f94-b3c7-b912e92f3e52,9781638932468,Haunting Adeline,H.D. Carlton,Cat and Mouse,1,Dark Romance,5,Stalker,Morally Black MMC,Obsessive,Mystery,,https://nsgftakyygmenbarrnwf.supabase.co/storage/v1/object/public/book-covers/haunting-adeline.jpg,0,2026-07-26 10:06:30.433998+00,,0
d2267d32-d88d-49e0-9728-2477a4901c0e,9798361730032,Twisted Trials,Blake Black,,2,Romance,0,,,,,,https://nsgftakyygmenbarrnwf.supabase.co/storage/v1/object/public/book-covers/twisted-trials.jpg,2.5,2026-07-26 10:06:30.433998+00,,2.5
d235b671-3a33-42ae-ade7-16d571beda57,9781732172234,Priest,Sierra Simone,Priest,1,Dark Romance,0,,,,,,https://nsgftakyygmenbarrnwf.supabase.co/storage/v1/object/public/book-covers/priest-1785588790662.jpg,0,2026-07-26 10:06:30.433998+00,,0
d2720cf8-0914-4bd9-97a3-53f16b0a81ae,9781958983096,Face Off,Chelsea Curto,,1,Romance,0,,,,,,https://nsgftakyygmenbarrnwf.supabase.co/storage/v1/object/public/book-covers/face-off.jpg,4,2026-07-26 10:06:30.433998+00,,4
d37a6c73-b562-4d02-ba21-d953b2ceae56,9781496757470,Detonate,Luna Mason,,2,Dark Romance,0,,,,,,https://nsgftakyygmenbarrnwf.supabase.co/storage/v1/object/public/book-covers/detonate.jpg,0,2026-07-26 10:06:30.433998+00,,0
d48b5c3a-733e-4461-84cf-24837601e393,9781250857439,Divine Rivals,Rebecca Ross,Letters of Enchantment,1,Romantasy,0,,,,,,https://nsgftakyygmenbarrnwf.supabase.co/storage/v1/object/public/book-covers/divine-rivals-1785588673739.jpg,0,2026-07-26 10:06:30.433998+00,,0
d516fa37-706a-4825-a309-f06341db0cd3,9781649379696,Mile High,Liz Tomforde,,1,Romance,0,,,,,,https://nsgftakyygmenbarrnwf.supabase.co/storage/v1/object/public/book-covers/mile-high.jpg,1.00,2026-07-26 10:06:30.433998+00,,1.00
d5685051-d02c-4014-9bb7-53a96e1d1cbf,9788419746993,Keeping 13,Chloe Walsh,Boys of Tommen,2,Romance,0,,,,,,https://nsgftakyygmenbarrnwf.supabase.co/storage/v1/object/public/book-covers/keeping-13-1785588856555.jpg,0,2026-07-26 10:06:30.433998+00,,0
d601751d-2a7a-4477-901c-3d89aa85f9cf,9781724235510,Athica Lane,Brynne Asher,,3,Romance,0,,,,,,https://nsgftakyygmenbarrnwf.supabase.co/storage/v1/object/public/book-covers/athica-lane.jpg,2.5,2026-07-26 10:06:30.433998+00,,2.5
d632dc51-76d0-4c08-9a21-799d172ba2c1,9780316601382,Dire Bound,Sable Sorensen,The Wolves of Ruin,1,Romantasy,0,,,,,,https://nsgftakyygmenbarrnwf.supabase.co/storage/v1/object/public/book-covers/dire-bound-1785588826920.jpg,0,2026-07-26 10:06:30.433998+00,,0
d64fa2ec-260f-4c9e-95d5-959763b2816b,9798347004287,The Wrong Quarterback,C.R. Jane,,1,Romance,0,,,,,,https://nsgftakyygmenbarrnwf.supabase.co/storage/v1/object/public/book-covers/the-wrong-quarterback-1785589080489.jpg,2.5,2026-07-26 10:06:30.433998+00,,2.5
d6719c56-1c1c-4c91-a33b-70e3575e1b8d,9781484462645,Heir of Fire,Sarah J. Maas,Throne of Glass,3,Romantasy,0,,,,,,https://nsgftakyygmenbarrnwf.supabase.co/storage/v1/object/public/book-covers/heir-of-fire.jpg,1.00,2026-07-26 10:06:30.433998+00,,1.00
da99a647-34f5-417e-88bf-161f3ffa9a62,9781662535895,Love and Other Killers,Brynne Weaver,,3,Dark Romance,0,,,,,,https://nsgftakyygmenbarrnwf.supabase.co/storage/v1/object/public/book-covers/love-and-other-killers.jpg,0,2026-07-26 10:06:30.433998+00,,0
db702b90-7063-4281-ab3f-f8237bba8fe6,9780553381689,A Game of Thrones,George R. R. Martin,A Song of Ice and Fire #1,,Romantasy,0,,,,,,https://nsgftakyygmenbarrnwf.supabase.co/storage/v1/object/public/book-covers/a-game-of-thrones-1785589114904.jpg,4.50,2026-07-29 05:56:14.117944+00,b899f104-73c5-4bf4-b8ec-42e8316368c9,4.50
dbfd1958-a6d1-4923-bf0b-89082173f56d,9780571378593,Big Swiss,,,,Romance,0,,,,,,https://nsgftakyygmenbarrnwf.supabase.co/storage/v1/object/public/book-covers/big-swiss.jpg,0,2026-07-26 10:06:30.433998+00,,0
dc48278c-8253-434d-b986-3efa80d82f68,9781955017534,Crash,Kathy Lockheart,,1,Dark Romance,0,,,,,,https://nsgftakyygmenbarrnwf.supabase.co/storage/v1/object/public/book-covers/crash.jpg,2.5,2026-07-26 10:06:30.433998+00,,2.5
dd2306fc-bf49-4576-bade-c4c49923f02d,9781649370600,Court,Tracy Wolff,,4,Romance,0,,,,,,https://nsgftakyygmenbarrnwf.supabase.co/storage/v1/object/public/book-covers/court-1785588166055.jpg,0,2026-07-26 10:06:30.433998+00,,0
dd24ce84-8d4e-47de-b79f-b8ac860fb4f8,9798323506576,The Devils and their Doll,Marissa Farrar,,2,Romance,0,,,,,,https://nsgftakyygmenbarrnwf.supabase.co/storage/v1/object/public/book-covers/the-devils-and-their-doll.jpg,3,2026-07-26 10:06:30.433998+00,,3
ddb9cf93-4789-4efb-b129-26b6b6538a78,9798985138023,Scarred,Emily McIntire,,2,Dark Romance,0,,,,,,https://nsgftakyygmenbarrnwf.supabase.co/storage/v1/object/public/book-covers/scarred-1785588651217.jpg,0,2026-07-26 10:06:30.433998+00,,0
ddbabb23-7ef8-42fb-bab0-42fab455c058,9781638931799,Leather and Lark,Brynne Weaver,,2,Dark Romance,0,,,,,,https://nsgftakyygmenbarrnwf.supabase.co/storage/v1/object/public/book-covers/leather-and-lark.jpg,0,2026-07-26 10:06:30.433998+00,,0
deaa13da-1489-46b4-815f-3ac96968155e,9780063371361,This Will Be Fun,E.B. Asher,,,Romantasy,0,,,,,,https://nsgftakyygmenbarrnwf.supabase.co/storage/v1/object/public/book-covers/this-will-be-fun-1785588298119.jpg,0,2026-07-26 10:06:30.433998+00,,0
dff2d57d-3f0f-4bfe-b9cb-422d40427c08,9781922903198,Shadow and Storms,Helen Scheuerer,,4,Romantasy,0,,,,,,https://nsgftakyygmenbarrnwf.supabase.co/storage/v1/object/public/book-covers/shadow-and-storms-1785588699602.jpg,0,2026-07-26 10:06:30.433998+00,,0
e0188d83-f793-435c-8865-f7657e36e0b8,9781399748520,"Merry Christmas, You Filthy Animal",Meghan Quinn,,2,Romance,0,,,,,,https://nsgftakyygmenbarrnwf.supabase.co/storage/v1/object/public/book-covers/merry-christmas-you-filthy-animal.jpg,2,2026-07-26 10:06:30.433998+00,,2
e1482a6b-8724-4ee9-bf92-47e8c24c30c7,9781836182160,Phantasma,Kaylie Smith,Wicked Games,1,Romantasy,0,,,,,,https://nsgftakyygmenbarrnwf.supabase.co/storage/v1/object/public/book-covers/phantasma-1785588803729.jpg,0,2026-07-26 10:06:30.433998+00,,0
e333e4f3-e470-4774-92fe-17040667767f,9780063206526,The Last Tale of the Flower Bride,Roshani Chokshi,,,Romance,0,,,,,,https://nsgftakyygmenbarrnwf.supabase.co/storage/v1/object/public/book-covers/the-last-tale-of-the-flower-bride.jpg,3.5,2026-07-26 10:06:30.433998+00,,3.5
e3a4849a-e20a-4933-8e70-1b095586eef3,9780446365383,Gone with the Wind,Margaret Mitchell,,,Romantasy,0,,,,,,https://nsgftakyygmenbarrnwf.supabase.co/storage/v1/object/public/book-covers/gone-with-the-wind-1785589104183.jpg,4.00,2026-07-27 07:42:09.592077+00,b899f104-73c5-4bf4-b8ec-42e8316368c9,4.00
e3cc743f-ecb3-4424-ad9a-69dac4324ef0,9781464237836,Just For The Cameras,Meghan Quinn,,1,Romance,0,,,,,,https://nsgftakyygmenbarrnwf.supabase.co/storage/v1/object/public/book-covers/just-for-the-cameras.jpg,3,2026-07-26 10:06:30.433998+00,,3
e5760fcd-e011-498b-80d2-1016789b93cb,9780349448404,Twisted Hate,Ana Huang,Twisted,3,Romance,0,,,,,,https://nsgftakyygmenbarrnwf.supabase.co/storage/v1/object/public/book-covers/twisted-hate.jpg,4,2026-07-26 10:06:30.433998+00,,4
e6445014-f440-4b1d-b010-d0308a962937,9781649379795,In Her Own League,Liz Tomforde,,6,Romance,0,,,,,,https://nsgftakyygmenbarrnwf.supabase.co/storage/v1/object/public/book-covers/in-her-own-league.jpg,5,2026-07-26 10:06:30.433998+00,,5
e67b633e-1164-4908-a4c8-2fd6f56954e8,9780349441696,Wild Card,Elsie Silver,Rose Hill,4,Romance,0,,,,,,https://nsgftakyygmenbarrnwf.supabase.co/storage/v1/object/public/book-covers/wild-card-1785588762720.jpg,0,2026-07-26 10:06:30.433998+00,,0
e6ad8233-520e-41a1-907a-4b1258514938,9798347018710,Of Ink and Alchemy,Sloane St. James,,1,Romance,0,,,,,,https://nsgftakyygmenbarrnwf.supabase.co/storage/v1/object/public/book-covers/of-ink-and-alchemy.jpg,3,2026-07-26 10:06:30.433998+00,,3
e78a6d11-5e01-442b-ad98-c043fa29f25f,9781640638969,Crave,Tracy Wolff,,1,Romance,0,,,,,,https://nsgftakyygmenbarrnwf.supabase.co/storage/v1/object/public/book-covers/crave.jpg,0,2026-07-26 10:06:30.433998+00,,0
e9245bed-67fb-4cee-83d7-733db77a4b8e,9781739433000,Insatiable,Leigh Rivers,The Edge of Darkness Trilogy,1,Dark Romance,0,,,,,,https://nsgftakyygmenbarrnwf.supabase.co/storage/v1/object/public/book-covers/insatiable.jpg,3.5,2026-07-26 10:06:30.433998+00,,3.5
ebcad72a-aad1-452c-951b-cc446278819c,9780345803504,Fifty Shades Freed,E.L. James,Fifty Shades,3,Romance,0,,,,,,https://nsgftakyygmenbarrnwf.supabase.co/storage/v1/object/public/book-covers/fifty-shades-freed-1785588619016.jpg,0,2026-07-26 10:06:30.433998+00,,0
ed3bdb1c-c016-4735-9044-17f4a8c2e220,9781735771953,A Touch of Malice,Scarlett St. Clair,Hades x Persephone Sage,3,Romantasy,0,,,,,,https://nsgftakyygmenbarrnwf.supabase.co/storage/v1/object/public/book-covers/a-touch-of-malice.jpg,0,2026-07-26 10:06:30.433998+00,,0
ed427fa3-5cb4-4300-a230-e26d1f8aa069,9781405955195,Glow,Raven Kennedy,,4,Romantasy,0,,,,,,https://nsgftakyygmenbarrnwf.supabase.co/storage/v1/object/public/book-covers/glow.jpg,0,2026-07-26 10:06:30.433998+00,,0
ee9ff1d8-1deb-4ff8-9406-d6f1d3b6a0a0,9781538774199,Quicksilver,Callie Hart,Fae & Alchemy,1,Romantasy,4,Fae,Enemies to Lovers,Touch Her and Die,Slow Burn,,https://nsgftakyygmenbarrnwf.supabase.co/storage/v1/object/public/book-covers/quicksilver-1785588462180.jpg,0,2026-07-26 10:06:30.433998+00,,0
f007a6cf-cbe2-41cd-8310-d0d2747c6888,9781464260186,"My Blade, Your Back",K.M. Moronova,Dark Forces,3,Dark Romance,0,,,,,,https://nsgftakyygmenbarrnwf.supabase.co/storage/v1/object/public/book-covers/my-blade-your-back.jpg,3,2026-07-26 10:06:30.433998+00,,3
f0b5d109-b849-4704-b81c-ae2ca1a135cb,9781728275864,Hexed,Emily McIntire,,6,Dark Romance,0,,,,,,https://nsgftakyygmenbarrnwf.supabase.co/storage/v1/object/public/book-covers/hexed-1785588177305.jpg,0,2026-07-26 10:06:30.433998+00,,0
f16846d3-59f3-4e3c-96a6-2617f2ee2de1,9781408750421,Wyatt,Jessica Peterson,Lucky River Ranch,2,Romance,0,,,,,,https://nsgftakyygmenbarrnwf.supabase.co/storage/v1/object/public/book-covers/wyatt.jpg,3,2026-07-26 10:06:30.433998+00,,3
f334327b-3960-4a6d-9f86-5d11628db181,9781963135411,The Primal of Blood and Bone,Jennifer L. Armentrout,Blood and Ash,6,Romantasy,0,,,,,,https://nsgftakyygmenbarrnwf.supabase.co/storage/v1/object/public/book-covers/the-primal-of-blood-and-bone.jpg,0,2026-07-26 10:06:30.433998+00,,0
f34df1fd-808b-4f4e-9775-5439fd3846ff,9798888310052,The Devils' Darling,Marissa Farrar,,3,Romance,0,,,,,,https://nsgftakyygmenbarrnwf.supabase.co/storage/v1/object/public/book-covers/the-devils-darling.jpg,3,2026-07-26 10:06:30.433998+00,,3
f363c0cf-8301-4309-8bdf-0a6f2025b15d,9781517687854,The Friend Zone,Kristen Callihan,,2,Romance,0,,,,,,https://nsgftakyygmenbarrnwf.supabase.co/storage/v1/object/public/book-covers/the-friend-zone.jpg,0,2026-07-26 10:06:30.433998+00,,0
f5844370-a73f-470c-a450-8a71b3469487,9781250852519,Upon a Starlit Tide,Kell Woods,,,Romantasy,0,,,,,,https://nsgftakyygmenbarrnwf.supabase.co/storage/v1/object/public/book-covers/upon-a-starlit-tide.jpg,0,2026-07-26 10:06:30.433998+00,,0
f7919eba-eab1-4809-9ff1-c0b51997d179,9781713548195,The Crown of Gilded Bones,Jennifer L. Armentrout,,3,Romantasy,0,,,,,,https://nsgftakyygmenbarrnwf.supabase.co/storage/v1/object/public/book-covers/the-crown-of-gilded-bones.jpg,0,2026-07-26 10:06:30.433998+00,,0
f7bf442b-cdb2-4918-bdc6-0d4796cced44,9780593550441,Deep End (Whet),Ali Hazelwood,,,Romance,0,,,,,,https://nsgftakyygmenbarrnwf.supabase.co/storage/v1/object/public/book-covers/deep-end-whet-1785588596474.jpg,0,2026-07-26 10:06:30.433998+00,,0
f7c06b53-550f-49b3-a8c9-1d31905f8ebf,9781799790228,Beautiful Graves,L.J. Shen,,,Romance,0,,,,,,https://nsgftakyygmenbarrnwf.supabase.co/storage/v1/object/public/book-covers/beautiful-graves.jpg,2,2026-07-26 10:06:30.433998+00,,2
f815d6f4-63de-4442-badb-6d08c4186c74,9781335016683,The Hot Shot,Kristen Callihan,,4,Romance,0,,,,,,https://nsgftakyygmenbarrnwf.supabase.co/storage/v1/object/public/book-covers/the-hot-shot.jpg,0,2026-07-26 10:06:30.433998+00,,0
f8eff92c-3dd5-4f73-886d-ca13deac06fa,9798890981608,Kingdom of Ash,Sarah J. Maas,Throne of Glass,7,Romantasy,0,,,,,,https://nsgftakyygmenbarrnwf.supabase.co/storage/v1/object/public/book-covers/kingdom-of-ash.jpg,5,2026-07-26 10:06:30.433998+00,,5
faa9db7f-7b75-4331-b6bf-8e2329602a2e,9781649376749,Five Broken Blades,Mai Corland,The Broken Blades,1,Romantasy,0,,,,,,https://nsgftakyygmenbarrnwf.supabase.co/storage/v1/object/public/book-covers/five-broken-blades.jpg,0,2026-07-26 10:06:30.433998+00,,0
faac55c3-f5da-43ea-85ec-45bdd217b882,9781916926066,Zodiac Academy: Shadow Princess,Peckham; Valenti,,4,Romantasy,0,,,,,,https://nsgftakyygmenbarrnwf.supabase.co/storage/v1/object/public/book-covers/zodiac-academy-shadow-princess.jpg,0,2026-07-26 10:06:30.433998+00,,0
fad8b27c-a140-4454-bd48-a5b10cee3919,9781911746287,Anathema,Keri Lake,,1,Romantasy,0,,,,,,https://nsgftakyygmenbarrnwf.supabase.co/storage/v1/object/public/book-covers/anathema.jpg,0,2026-07-26 10:06:30.433998+00,,0
fb861df3-cebd-4611-870c-0cbb588052ce,9781335016676,The Game Plan,Kristen Callihan,,3,Romance,0,,,,,,https://nsgftakyygmenbarrnwf.supabase.co/storage/v1/object/public/book-covers/the-game-plan-1785588079667.jpg,0,2026-07-26 10:06:30.433998+00,,0
fbebdd44-b22a-4840-bcba-3846c8fe0530,9781538711460,A Simple Truth,Tetyana Walker,,2,Romantasy,0,,,,,,https://nsgftakyygmenbarrnwf.supabase.co/storage/v1/object/public/book-covers/a-simple-truth.jpg,3.5,2026-07-26 10:06:30.433998+00,,3.5
fc2a57d1-6e8c-41c8-b2e0-043a7774f25a,9781955871075,Feathers So Vicious,Liv Zander,,1,Romantasy,0,,,,,,https://nsgftakyygmenbarrnwf.supabase.co/storage/v1/object/public/book-covers/feathers-so-vicious.jpg,0,2026-07-26 10:06:30.433998+00,,0
fc55f10d-11e9-44d5-a49c-9de630b63114,9781638934400,The Fae Princes,Nikki St. Crowe,Vicious Lost Boys,4,Romantasy,0,,,,,,https://nsgftakyygmenbarrnwf.supabase.co/storage/v1/object/public/book-covers/the-fae-princes.jpg,4,2026-07-26 10:06:30.433998+00,,4
fc891f24-854f-499d-946f-84d282673398,9781250866905,Heartless Hunter,Kristen Ciccarelli,Crimson Moth,1,Romantasy,0,,,,,,https://nsgftakyygmenbarrnwf.supabase.co/storage/v1/object/public/book-covers/heartless-hunter-1785588390375.jpg,0,2026-07-26 10:06:30.433998+00,,0
fd5775e9-a776-4598-a362-b0472a2def2a,9798989528844,Camera Shy,Kay Cove,,1,Romance,0,,,,,,https://nsgftakyygmenbarrnwf.supabase.co/storage/v1/object/public/book-covers/camera-shy-1785589069462.jpg,3,2026-07-26 10:06:30.433998+00,,3
fe85b6f1-fae5-4156-a406-393e6249b431,9798777213471,The Ritual,Shantel Tessier,LORDS,1,Romance,5,Secret Society,Bully Romance,Forced Proximity,Anti-Hero,,https://nsgftakyygmenbarrnwf.supabase.co/storage/v1/object/public/book-covers/the-ritual.jpg,0,2026-07-26 10:06:30.433998+00,,0